Latitude,Longitude,Rainfall,GW_Recharge,GW_Extraction,Extraction_Stage_Perc,Prev_GW,GW_Level
24.4425,72.42,764.9,147567.45,157492.27,112.34,16.3,6.8
24.49694,72.38389,764.9,147567.45,157492.27,112.34,15.4,18.7
24.36361,72.28944,764.9,147567.45,157492.27,112.34,22.1,19.1
24.35583,72.36389,764.9,147567.45,157492.27,112.34,12.9,9.6
24.55611,72.35083,764.9,147567.45,157492.27,112.34,16.7,16.3
24.49194,72.30222,764.9,147567.45,157492.27,112.34,38.5,35.2
24.46152,72.38372,764.9,147567.45,157492.27,112.34,15.0,10.3
24.29222,72.3375,764.9,147567.45,157492.27,112.34,25.3,21.5
24.25667,72.1875,764.9,147567.45,157492.27,112.34,79.3,74.37
24.39722,72.28472,764.9,147567.45,157492.27,112.34,11.13,9.19
24.40139,72.29583,764.9,147567.45,157492.27,112.34,19.02,11.84
24.28736,72.16598,764.9,147567.45,157492.27,112.34,77.3,68.5
24.28736,72.16528,764.9,147567.45,157492.27,112.34,79.88,79.98
24.28746,72.16518,764.9,147567.45,157492.27,112.34,88.9,88.5
24.35417,72.17028,764.9,147567.45,157492.27,112.34,87.1,84.6
24.21417,72.01472,764.9,147567.45,157492.27,112.34,131.5,128.1
24.15278,72.11056,764.9,147567.45,157492.27,112.34,111.6,107.2
24.12972,72.17167,764.9,147567.45,157492.27,112.34,84.1,88.6
24.19556,71.98028,764.9,147567.45,157492.27,112.34,118.5,114.8
24.37417,72.21917,764.9,147567.45,157492.27,112.34,47.1,43.8
24.425,72.1025,764.9,147567.45,157492.27,112.34,94.4,91.6
24.4251,72.1024,764.9,147567.45,157492.27,112.34,77.4,74.1
24.08028,71.72,764.9,147567.45,157492.27,112.34,69.1,65.0
24.58611,71.93333,764.9,147567.45,157492.27,112.34,57.25,56.81
24.54972,72.22056,764.9,147567.45,157492.27,112.34,38.5,35.5
24.58,72.2,764.9,147567.45,157492.27,112.34,37.3,33.2
24.55,71.94,764.9,147567.45,157492.27,112.34,62.5,60.3
24.49,72.18,764.9,147567.45,157492.27,112.34,58.19,54.29
24.61,71.93,764.9,147567.45,157492.27,112.34,57.4,57.4
24.61222,71.92889,764.9,147567.45,157492.27,112.34,57.4,57.4
24.65,71.88,764.9,147567.45,157492.27,112.34,45.8,44.1
24.61,72.31,764.9,147567.45,157492.27,112.34,39.2,35.5
24.68972,72.07056,764.9,147567.45,157492.27,112.34,93.1,91.0
24.58611,71.93333,764.9,147567.45,157492.27,112.34,57.09,56.63
24.50461,72.03051,764.9,147567.45,157492.27,112.34,100.94,94.63
23.95056,71.84694,764.9,147567.45,157492.27,112.34,65.1,63.1
23.9925,71.82667,764.9,147567.45,157492.27,112.34,99.3,95.4
23.98972,71.82722,764.9,147567.45,157492.27,112.34,141.02,137.52
23.89167,71.8575,764.9,147567.45,157492.27,112.34,16.8,12.8
23.99306,71.85083,764.9,147567.45,157492.27,112.34,93.5,92.2
24.13333,71.95639,764.9,147567.45,157492.27,112.34,19.3,19.4
24.40642,71.82861,764.9,147567.45,157492.27,112.34,60.1,57.7
24.41,71.93,764.9,147567.45,157492.27,112.34,56.8,52.7
24.41,71.93,764.9,147567.45,157492.27,112.34,57.3,56.1
24.41,71.93,764.9,147567.45,157492.27,112.34,56.4,53.8
24.29556,71.7275,764.9,147567.45,157492.27,112.34,72.1,69.1
24.32,71.98,764.9,147567.45,157492.27,112.34,100.4,96.3
24.30722,71.78028,764.9,147567.45,157492.27,112.34,88.6,88.9
24.23113,71.91254,764.9,147567.45,157492.27,112.34,145.25,144.88
24.17202,72.45003,764.9,147567.45,157492.27,112.34,40.63,39.0
24.19444,72.43333,764.9,147567.45,157492.27,112.34,33.92,34.17
24.19,72.48,764.9,147567.45,157492.27,112.34,39.2,36.45
24.21,72.32,764.9,147567.45,157492.27,112.34,95.31,94.51
24.18,72.56,764.9,147567.45,157492.27,112.34,23.9,17.6
24.14,72.53,764.9,147567.45,157492.27,112.34,30.2,26.7
24.24611,72.54694,764.9,147567.45,157492.27,112.34,16.9,16.75
24.23139,72.6175,764.9,147567.45,157492.27,112.34,8.7,8.65
24.26028,72.46972,764.9,147567.45,157492.27,112.34,24.7,23.5
24.27,72.48,764.9,147567.45,157492.27,112.34,14.6,11.9
24.11,72.25,764.9,147567.45,157492.27,112.34,69.4,61.8
24.11,72.25,764.9,147567.45,157492.27,112.34,128.6,120.8
24.11,72.25,764.9,147567.45,157492.27,112.34,156.0,145.5
24.1,72.43,764.9,147567.45,157492.27,112.34,69.8,68.2
24.13,72.46,764.9,147567.45,157492.27,112.34,40.4,42.2
24.51,71.73,764.9,147567.45,157492.27,112.34,33.3,31.6
24.32028,71.635,764.9,147567.45,157492.27,112.34,18.3,13.6
24.45917,71.79194,764.9,147567.45,157492.27,112.34,31.4,27.7
24.65833,71.76667,764.9,147567.45,157492.27,112.34,23.82,20.58
24.49667,71.61417,764.9,147567.45,157492.27,112.34,8.6,4.6
24.61694,71.74778,764.9,147567.45,157492.27,112.34,19.6,15.9
24.64917,71.55306,764.9,147567.45,157492.27,112.34,13.45,8.8
24.39694,71.62722,764.9,147567.45,157492.27,112.34,14.72,10.63
24.39694,71.62722,764.9,147567.45,157492.27,112.34,14.34,10.42
24.38917,71.63556,764.9,147567.45,157492.27,112.34,23.0,16.8
24.42583,71.78056,764.9,147567.45,157492.27,112.34,38.7,34.2
24.40667,71.68778,764.9,147567.45,157492.27,112.34,39.34,37.64
24.52513,71.86325,764.9,147567.45,157492.27,112.34,44.35,44.25
24.52513,71.86235,764.9,147567.45,157492.27,112.34,44.72,44.42
24.52514,71.86325,764.9,147567.45,157492.27,112.34,45.2,44.6
24.48806,71.91833,764.9,147567.45,157492.27,112.34,50.2,49.2
24.49583,71.83611,764.9,147567.45,157492.27,112.34,48.19,47.97
24.49583,71.83611,764.9,147567.45,157492.27,112.34,41.78,41.37
24.49472,71.82944,764.9,147567.45,157492.27,112.34,38.3,36.5
24.4925,71.8175,764.9,147567.45,157492.27,112.34,42.45,39.0
24.4975,71.81444,764.9,147567.45,157492.27,112.34,39.15,36.6
24.0,72.5,764.9,147567.45,157492.27,112.34,73.4,71.7
24.01773,72.63884,764.9,147567.45,157492.27,112.34,13.1,12.2
23.96,72.58,764.9,147567.45,157492.27,112.34,34.0,30.5
24.02861,72.38083,764.9,147567.45,157492.27,112.34,152.02,149.82
24.06,72.52,764.9,147567.45,157492.27,112.34,52.1,48.5
24.04,72.34,764.9,147567.45,157492.27,112.34,139.58,136.58
24.15,72.65,764.9,147567.45,157492.27,112.34,19.5,15.4
23.98,72.44,764.9,147567.45,157492.27,112.34,59.9,59.24
24.05,72.41,764.9,147567.45,157492.27,112.34,56.1,52.7
24.07,72.61,764.9,147567.45,157492.27,112.34,21.2,15.5
24.14,72.61,764.9,147567.45,157492.27,112.34,25.5,21.8
24.08,72.49,764.9,147567.45,157492.27,112.34,36.9,31.52
23.17,72.81,764.9,49481.81,53377.7,113.55,102.95,102.4
23.17,72.81,764.9,49481.81,53377.7,113.55,103.15,102.8
23.17,72.81,764.9,49481.81,53377.7,113.55,48.6,48.3
23.17083,72.84167,764.9,49481.81,53377.7,113.55,62.45,62.45
23.17,72.9,764.9,49481.81,53377.7,113.55,37.2,33.2
23.12667,72.95528,764.9,49481.81,53377.7,113.55,21.85,21.6
23.26,72.85,764.9,49481.81,53377.7,113.55,99.3,98.8
23.07972,72.815,764.9,49481.81,53377.7,113.55,44.25,43.9
23.02611,72.87528,764.9,49481.81,53377.7,113.55,33.85,33.0
23.21,72.95,764.9,49481.81,53377.7,113.55,36.5,36.0
23.17,72.95,764.9,49481.81,53377.7,113.55,38.25,37.25
23.17861,72.84111,764.9,49481.81,53377.7,113.55,12.85,12.25
23.29,72.88,764.9,49481.81,53377.7,113.55,64.95,64.7
23.22,72.81,764.9,49481.81,53377.7,113.55,35.6,33.85
23.11,72.64,764.9,49481.81,53377.7,113.55,81.1,78.45
23.1,72.63,764.9,49481.81,53377.7,113.55,40.2,39.7
23.2,72.65,764.9,49481.81,53377.7,113.55,102.7,99.4
23.2,72.65,764.9,49481.81,53377.7,113.55,52.25,51.0
23.2,72.66,764.9,49481.81,53377.7,113.55,48.2,43.6
23.14,72.66,764.9,49481.81,53377.7,113.55,36.85,35.2
23.14,72.64,764.9,49481.81,53377.7,113.55,66.3,65.7
23.1,72.62,764.9,49481.81,53377.7,113.55,25.1,24.7
23.26,72.57,764.9,49481.81,53377.7,113.55,114.35,112.9
23.22,72.77,764.9,49481.81,53377.7,113.55,92.79,92.64
23.22,72.77,764.9,49481.81,53377.7,113.55,113.15,112.65
23.22,72.77,764.9,49481.81,53377.7,113.55,113.1,112.75
23.2,72.77,764.9,49481.81,53377.7,113.55,59.15,58.7
23.12,72.70583,764.9,49481.81,53377.7,113.55,67.85,66.35
23.35,72.68,764.9,49481.81,53377.7,113.55,75.3,72.4
23.29722,72.57389,764.9,49481.81,53377.7,113.55,134.5,131.25
23.29722,72.57389,764.9,49481.81,53377.7,113.55,115.78,111.76
23.19028,72.55278,764.9,49481.81,53377.7,113.55,11.99,11.73
23.19028,72.55278,764.9,49481.81,53377.7,113.55,11.99,11.73
23.33,72.66,764.9,49481.81,53377.7,113.55,89.05,88.05
23.14,72.69,764.9,49481.81,53377.7,113.55,65.55,65.25
23.16,72.45,764.9,49481.81,53377.7,113.55,115.7,111.2
23.27,72.45,764.9,49481.81,53377.7,113.55,115.1,109.4
23.33,72.51,764.9,49481.81,53377.7,113.55,118.2,117.4
23.33,72.51,764.9,49481.81,53377.7,113.55,144.8,138.5
23.33194,72.56667,764.9,49481.81,53377.7,113.55,95.0,95.25
23.09861,72.41639,764.9,49481.81,53377.7,113.55,39.1,37.7
23.25833,72.47222,764.9,49481.81,53377.7,113.55,64.63,64.31
23.07139,72.44,764.9,49481.81,53377.7,113.55,114.15,107.5
23.42306,72.665,764.9,49481.81,53377.7,113.55,111.0,116.75
23.36,72.71,764.9,49481.81,53377.7,113.55,94.05,90.25
23.53,72.65,764.9,49481.81,53377.7,113.55,65.95,65.25
23.48167,72.65167,764.9,49481.81,53377.7,113.55,99.06,94.75
23.48167,72.65167,764.9,49481.81,53377.7,113.55,185.34,178.37
23.39,72.72,764.9,49481.81,53377.7,113.55,51.9,50.55
23.45,72.59,764.9,49481.81,53377.7,113.55,101.2,100.25
23.45,72.59,764.9,49481.81,53377.7,113.55,157.35,150.55
23.38,72.68,764.9,49481.81,53377.7,113.55,79.05,78.3
23.46389,72.72028,764.9,49481.81,53377.7,113.55,51.9,51.45
23.40417,72.62556,764.9,49481.81,53377.7,113.55,47.4,45.2
23.48,72.74,764.9,49481.81,53377.7,113.55,72.05,71.95
23.48,72.74,764.9,49481.81,53377.7,113.55,142.1,140.7
23.4616,72.76116,764.9,49481.81,53377.7,113.55,112.25,109.7
23.46159,72.76116,764.9,49481.81,53377.7,113.55,37.7,36.7
23.47028,72.58806,764.9,49481.81,53377.7,113.55,56.65,51.1
23.18111,70.16139,764.9,88169.06,70248.98,83.87,15.15,13.65
23.29306,70.0375,764.9,88169.06,70248.98,83.87,57.45,55.83
22.99639,70.02556,764.9,88169.06,70248.98,83.87,4.9,4.55
23.16806,70.04417,764.9,88169.06,70248.98,83.87,7.15,5.8
23.15444,70.12667,764.9,88169.06,70248.98,83.87,7.75,6.38
22.94417,69.99556,764.9,88169.06,70248.98,83.87,7.05,6.1
23.14,69.95,764.9,88169.06,70248.98,83.87,84.65,83.5
23.31,70.18,764.9,88169.06,70248.98,83.87,55.85,54.28
23.06389,69.91861,764.9,88169.06,70248.98,83.87,62.55,61.18
23.31752,70.06832,764.9,88169.06,70248.98,83.87,68.05,66.9
23.56667,70.4175,764.9,88169.06,70248.98,83.87,7.03,6.33
23.84611,70.26806,764.9,88169.06,70248.98,83.87,8.45,6.85
23.27222,70.58167,764.9,88169.06,70248.98,83.87,7.95,7.65
23.35333,70.56167,764.9,88169.06,70248.98,83.87,12.75,11.28
23.33,70.555,764.9,88169.06,70248.98,83.87,12.65,11.15
23.305,70.51139,764.9,88169.06,70248.98,83.87,5.95,4.61
23.34,70.43056,764.9,88169.06,70248.98,83.87,3.3,2.15
23.46,70.36,764.9,88169.06,70248.98,83.87,5.95,4.45
23.45417,70.35,764.9,88169.06,70248.98,83.87,9.15,3.7
23.24,69.68,764.9,88169.06,70248.98,83.87,29.9,28.63
23.25,69.83,764.9,88169.06,70248.98,83.87,79.9,78.6
23.31472,69.59944,764.9,88169.06,70248.98,83.87,3.45,2.13
23.63972,69.40611,764.9,88169.06,70248.98,83.87,6.75,5.28
23.38472,69.84083,764.9,88169.06,70248.98,83.87,6.05,4.58
23.75194,69.51,764.9,88169.06,70248.98,83.87,7.45,6.25
23.28306,69.98361,764.9,88169.06,70248.98,83.87,35.65,34.18
23.84056,69.72778,764.9,88169.06,70248.98,83.87,7.05,6.35
23.39806,69.715,764.9,88169.06,70248.98,83.87,17.55,16.18
23.69722,69.26278,764.9,88169.06,70248.98,83.87,4.1,2.88
23.34333,69.725,764.9,88169.06,70248.98,83.87,10.6,9.23
23.30706,69.47191,764.9,88169.06,70248.98,83.87,13.05,11.88
23.13731,69.63933,764.9,88169.06,70248.98,83.87,12.95,11.35
23.18,69.57,764.9,88169.06,70248.98,83.87,62.75,61.38
23.36861,70.0,764.9,88169.06,70248.98,83.87,21.45,19.96
23.08056,69.59444,764.9,88169.06,70248.98,83.87,47.88,50.78
23.25252,69.55263,764.9,88169.06,70248.98,83.87,25.75,24.33
23.08439,69.74527,764.9,88169.06,70248.98,83.87,57.85,56.6
23.39389,69.89833,764.9,88169.06,70248.98,83.87,18.05,16.4
23.32,69.9,764.9,88169.06,70248.98,83.87,48.75,47.43
23.11252,69.57956,764.9,88169.06,70248.98,83.87,66.1,64.95
23.3,69.75,764.9,88169.06,70248.98,83.87,61.85,60.76
23.17139,69.6375,764.9,88169.06,70248.98,83.87,13.0,12.42
23.20833,69.61667,764.9,88169.06,70248.98,83.87,15.3,13.05
23.16,69.79,764.9,88169.06,70248.98,83.87,16.05,14.83
23.1,69.8,764.9,88169.06,70248.98,83.87,58.7,57.28
23.34194,69.80528,764.9,88169.06,70248.98,83.87,19.05,17.68
23.19679,69.49677,764.9,88169.06,70248.98,83.87,38.05,36.68
22.96,69.3,764.9,88169.06,70248.98,83.87,19.6,18.23
22.93972,69.17889,764.9,88169.06,70248.98,83.87,7.5,6.85
22.97472,69.36361,764.9,88169.06,70248.98,83.87,13.05,11.78
23.0475,69.18583,764.9,88169.06,70248.98,83.87,6.4,5.13
22.85972,69.28722,764.9,88169.06,70248.98,83.87,37.1,35.8
22.99611,69.20694,764.9,88169.06,70248.98,83.87,3.95,2.48
22.9,69.14,764.9,88169.06,70248.98,83.87,10.25,7.65
23.11,69.3,764.9,88169.06,70248.98,83.87,83.9,82.38
22.96806,69.4375,764.9,88169.06,70248.98,83.87,16.45,16.45
22.89,69.52,764.9,88169.06,70248.98,83.87,85.55,84.61
23.08999,69.4708,764.9,88169.06,70248.98,83.87,64.85,63.66
23.08899,69.4707,764.9,88169.06,70248.98,83.87,40.05,38.81
23.08979,69.4706,764.9,88169.06,70248.98,83.87,63.55,61.37
23.015,69.11417,764.9,88169.06,70248.98,83.87,23.9,22.3
23.02611,69.34472,764.9,88169.06,70248.98,83.87,7.4,5.35
23.14,69.4,764.9,88169.06,70248.98,83.87,12.95,11.53
23.01067,69.45085,764.9,88169.06,70248.98,83.87,8.25,7.25
23.12806,69.22972,764.9,88169.06,70248.98,83.87,35.55,33.98
23.48972,69.42917,764.9,88169.06,70248.98,83.87,18.05,16.78
23.18528,69.31917,764.9,88169.06,70248.98,83.87,83.65,82.36
23.21289,69.39605,764.9,88169.06,70248.98,83.87,47.88,50.78
23.22861,69.40222,764.9,88169.06,70248.98,83.87,32.42,30.88
23.50472,69.17972,764.9,88169.06,70248.98,83.87,20.55,18.98
23.4075,69.16639,764.9,88169.06,70248.98,83.87,44.85,43.38
23.31028,69.25806,764.9,88169.06,70248.98,83.87,30.75,29.33
23.42833,69.05833,764.9,88169.06,70248.98,83.87,72.9,71.5
23.43694,69.50056,764.9,88169.06,70248.98,83.87,11.65,10.33
23.43278,69.3925,764.9,88169.06,70248.98,83.87,13.85,12.61
23.51972,69.02639,764.9,88169.06,70248.98,83.87,34.85,33.45
23.27828,69.35856,764.9,88169.06,70248.98,83.87,12.4,12.2
23.35139,69.40667,764.9,88169.06,70248.98,83.87,6.05,4.83
23.45889,69.13389,764.9,88169.06,70248.98,83.87,38.05,37.26
23.35389,69.12694,764.9,88169.06,70248.98,83.87,17.8,17.4
23.49056,69.37861,764.9,88169.06,70248.98,83.87,14.35,13.03
23.55121,69.26808,764.9,88169.06,70248.98,83.87,3.65,2.33
23.57222,72.04028,764.9,114939.73,125396.49,114.84,4.2,3.4
23.5775,72.00833,764.9,114939.73,125396.49,114.84,46.2,40.0
23.51026,72.18453,764.9,114939.73,125396.49,114.84,5.95,4.98
23.51111,72.1225,764.9,114939.73,125396.49,114.84,8.5,8.0
23.51111,72.1225,764.9,114939.73,125396.49,114.84,21.3,20.3
23.54722,72.10556,764.9,114939.73,125396.49,114.84,6.2,5.4
23.47724,72.1116,764.9,114939.73,125396.49,114.84,4.4,3.4
23.54289,72.11211,764.9,114939.73,125396.49,114.84,6.97,4.9
23.62,72.24,764.9,114939.73,125396.49,114.84,34.35,34.3
23.57808,72.1551,764.9,114939.73,125396.49,114.84,6.97,6.33
23.57333,72.14444,764.9,114939.73,125396.49,114.84,42.6,42.2
23.57333,72.14444,764.9,114939.73,125396.49,114.84,126.6,122.6
23.57333,72.14444,764.9,114939.73,125396.49,114.84,133.0,129.8
23.46972,72.15472,764.9,114939.73,125396.49,114.84,4.4,4.0
23.49508,72.17139,764.9,114939.73,125396.49,114.84,3.7,3.5
23.48917,72.20778,764.9,114939.73,125396.49,114.84,6.8,8.5
23.48917,72.20778,764.9,114939.73,125396.49,114.84,113.4,111.45
23.46889,72.20278,764.9,114939.73,125396.49,114.84,18.3,19.2
23.46659,72.29717,764.9,114939.73,125396.49,114.84,4.96,4.7
23.46667,72.29722,764.9,114939.73,125396.49,114.84,14.6,14.32
23.42,72.3,764.9,114939.73,125396.49,114.84,79.4,77.9
23.5,72.32,764.9,114939.73,125396.49,114.84,69.0,68.2
23.39,72.31,764.9,114939.73,125396.49,114.84,37.95,37.1
23.20639,72.27972,764.9,114939.73,125396.49,114.84,101.02,101.73
23.20639,72.27972,764.9,114939.73,125396.49,114.84,45.11,45.18
23.20056,72.24806,764.9,114939.73,125396.49,114.84,4.5,3.5
23.24056,72.21139,764.9,114939.73,125396.49,114.84,49.05,50.0
23.24056,72.21139,764.9,114939.73,125396.49,114.84,72.3,71.4
23.35111,72.30444,764.9,114939.73,125396.49,114.84,33.2,32.4
23.18056,72.22806,764.9,114939.73,125396.49,114.84,5.6,3.4
23.17667,72.22389,764.9,114939.73,125396.49,114.84,50.6,50.5
23.24722,72.3,764.9,114939.73,125396.49,114.84,3.12,2.34
23.14,72.28,764.9,114939.73,125396.49,114.84,24.2,28.8
23.14,72.28,764.9,114939.73,125396.49,114.84,93.6,95.7
23.16056,72.30806,764.9,114939.73,125396.49,114.84,4.4,2.4
23.23667,72.35111,764.9,114939.73,125396.49,114.84,2.0,1.6
23.2875,72.375,764.9,114939.73,125396.49,114.84,11.87,3.16
23.3,72.41,764.9,114939.73,125396.49,114.84,131.4,119.6
23.1,72.3,764.9,114939.73,125396.49,114.84,95.6,97.0
23.31,72.35,764.9,114939.73,125396.49,114.84,119.5,112.2
23.3,72.35,764.9,114939.73,125396.49,114.84,97.0,98.2
23.18,72.31,764.9,114939.73,125396.49,114.84,105.7,106.8
23.18,72.31,764.9,114939.73,125396.49,114.84,117.7,110.5
23.18,72.31,764.9,114939.73,125396.49,114.84,108.9,110.1
23.38,72.41,764.9,114939.73,125396.49,114.84,138.9,125.9
23.16,72.38,764.9,114939.73,125396.49,114.84,19.3,18.3
23.13981,72.37944,764.9,114939.73,125396.49,114.84,17.3,107.31
23.22,72.41,764.9,114939.73,125396.49,114.84,28.8,27.7
23.89,72.62,764.9,114939.73,125396.49,114.84,52.7,47.2
23.8875,72.6125,764.9,114939.73,125396.49,114.84,13.97,3.83
23.95,72.7,764.9,114939.73,125396.49,114.84,32.8,32.9
23.97944,72.65833,764.9,114939.73,125396.49,114.84,56.6,54.6
23.89,72.49,764.9,114939.73,125396.49,114.84,84.7,84.1
23.89,72.49,764.9,114939.73,125396.49,114.84,143.5,138.6
23.89,72.58,764.9,114939.73,125396.49,114.84,40.9,38.4
23.88972,72.50583,764.9,114939.73,125396.49,114.84,7.9,4.8
23.89167,72.51667,764.9,114939.73,125396.49,114.84,8.23,7.06
23.88194,72.55,764.9,114939.73,125396.49,114.84,7.7,8.1
23.91253,72.65864,764.9,114939.73,125396.49,114.84,40.0,31.5
23.91,72.54,764.9,114939.73,125396.49,114.84,29.6,28.5
23.8607,72.63271,764.9,114939.73,125396.49,114.84,24.0,21.9
23.88863,72.61628,764.9,114939.73,125396.49,114.84,48.06,44.0
23.88763,72.61728,764.9,114939.73,125396.49,114.84,5.69,5.26
23.5975,72.39861,764.9,114939.73,125396.49,114.84,28.31,25.22
23.47,72.35,764.9,114939.73,125396.49,114.84,143.7,135.0
23.62333,72.43528,764.9,114939.73,125396.49,114.84,8.7,6.3
23.62417,72.43694,764.9,114939.73,125396.49,114.84,14.0,11.9
23.56556,72.44417,764.9,114939.73,125396.49,114.84,26.3,24.5
23.69,72.31,764.9,114939.73,125396.49,114.84,65.4,65.4
23.69167,72.315,764.9,114939.73,125396.49,114.84,14.6,13.7
23.52,72.42,764.9,114939.73,125396.49,114.84,53.1,52.5
23.52,72.42,764.9,114939.73,125396.49,114.84,80.2,79.4
23.43,72.42,764.9,114939.73,125396.49,114.84,109.6,102.6
23.57,72.42,764.9,114939.73,125396.49,114.84,59.3,60.3
23.57778,72.28889,764.9,114939.73,125396.49,114.84,7.91,2.83
23.51028,72.51917,764.9,114939.73,125396.49,114.84,8.6,7.09
23.51028,72.51917,764.9,114939.73,125396.49,114.84,8.1,6.3
23.68444,72.405,764.9,114939.73,125396.49,114.84,16.5,16.0
23.59944,72.315,764.9,114939.73,125396.49,114.84,33.4,33.3
23.5225,72.53333,764.9,114939.73,125396.49,114.84,10.52,10.36
23.5225,72.53333,764.9,114939.73,125396.49,114.84,11.3,10.2
23.62917,72.34167,764.9,114939.73,125396.49,114.84,6.05,3.15
23.65472,72.42778,764.9,114939.73,125396.49,114.84,6.6,5.8
23.55,72.32,764.9,114939.73,125396.49,114.84,52.8,68.0
24.00528,72.84278,764.9,114939.73,125396.49,114.84,12.2,11.25
23.97306,72.82722,764.9,114939.73,125396.49,114.84,10.9,8.2
24.04917,72.76944,764.9,114939.73,125396.49,114.84,20.9,15.9
24.07,72.77,764.9,114939.73,125396.49,114.84,10.8,6.5
24.03,72.69,764.9,114939.73,125396.49,114.84,21.0,20.3
23.99,72.76,764.9,114939.73,125396.49,114.84,17.1,9.8
24.025,72.72222,764.9,114939.73,125396.49,114.84,20.1,16.7
23.80361,72.39667,764.9,114939.73,125396.49,114.84,8.0,7.7
23.86694,72.445,764.9,114939.73,125396.49,114.84,15.7,15.4
23.84167,72.45,764.9,114939.73,125396.49,114.84,5.63,6.16
23.86,72.4,764.9,114939.73,125396.49,114.84,109.3,105.9
23.8,72.49,764.9,114939.73,125396.49,114.84,83.1,73.4
23.79825,72.49088,764.9,114939.73,125396.49,114.84,140.0,131.13
23.8035,72.48649,764.9,114939.73,125396.49,114.84,10.69,12.34
23.8033,72.48639,764.9,114939.73,125396.49,114.84,40.76,40.0
23.86,72.47,764.9,114939.73,125396.49,114.84,87.4,85.2
23.83,72.37,764.9,114939.73,125396.49,114.84,180.0,173.35
23.83,72.37,764.9,114939.73,125396.49,114.84,176.65,176.55
23.83,72.37,764.9,114939.73,125396.49,114.84,174.4,176.95
23.75,72.33,764.9,114939.73,125396.49,114.84,78.1,77.8
23.74722,72.32556,764.9,114939.73,125396.49,114.84,13.6,13.4
23.82,72.47,764.9,114939.73,125396.49,114.84,70.3,68.6
23.8,72.34833,764.9,114939.73,125396.49,114.84,11.7,8.5
23.8,72.35,764.9,114939.73,125396.49,114.84,13.46,11.62
23.8,72.32,764.9,114939.73,125396.49,114.84,111.55,110.4
23.8,72.32,764.9,114939.73,125396.49,114.84,180.3,176.3
23.8,72.32,764.9,114939.73,125396.49,114.84,181.1,184.6
23.85,72.34,764.9,114939.73,125396.49,114.84,90.8,90.3
23.79,72.64,764.9,114939.73,125396.49,114.84,2.75,1.95
23.79093,72.65015,764.9,114939.73,125396.49,114.84,5.5,4.7
23.78528,72.64167,764.9,114939.73,125396.49,114.84,68.9,67.5
23.82361,72.53472,764.9,114939.73,125396.49,114.84,14.58,13.64
23.82376,72.61525,764.9,114939.73,125396.49,114.84,9.4,8.5
23.82386,72.61525,764.9,114939.73,125396.49,114.84,62.9,53.7
23.85,72.76,764.9,114939.73,125396.49,114.84,21.2,21.1
23.76722,72.73028,764.9,114939.73,125396.49,114.84,32.6,31.7
23.84,72.66,764.9,114939.73,125396.49,114.84,61.6,53.6
23.84722,72.66944,764.9,114939.73,125396.49,114.84,10.0,3.4
23.83528,72.58167,764.9,114939.73,125396.49,114.84,21.75,22.0
23.87,72.79,764.9,114939.73,125396.49,114.84,12.7,11.5
23.56,72.75,764.9,114939.73,125396.49,114.84,40.7,40.5
23.58,72.59,764.9,114939.73,125396.49,114.84,100.1,102.3
23.73,72.71,764.9,114939.73,125396.49,114.84,61.1,58.2
23.65,72.66,764.9,114939.73,125396.49,114.84,81.6,80.5
23.56,72.55,764.9,114939.73,125396.49,114.84,89.1,89.4
23.64,72.8,764.9,114939.73,125396.49,114.84,89.2,79.6
23.69559,72.81661,764.9,114939.73,125396.49,114.84,38.4,38.1
23.6,72.79444,764.9,114939.73,125396.49,114.84,10.9,10.5
23.68,72.72,764.9,114939.73,125396.49,114.84,44.94,43.94
23.68028,72.71528,764.9,114939.73,125396.49,114.84,18.1,19.1
23.55472,72.61889,764.9,114939.73,125396.49,114.84,12.2,15.0
23.53051,72.60969,764.9,114939.73,125396.49,114.84,97.3,100.05
23.53041,72.60969,764.9,114939.73,125396.49,114.84,152.95,154.8
23.59,72.68,764.9,114939.73,125396.49,114.84,101.5,102.3
23.59056,72.67889,764.9,114939.73,125396.49,114.84,11.1,11.1
23.75,72.79,764.9,114939.73,125396.49,114.84,34.1,34.05
23.53,72.79,764.9,114939.73,125396.49,114.84,78.2,76.7
23.70056,72.55,764.9,114939.73,125396.49,114.84,2.3,1.5
23.7,72.62,764.9,114939.73,125396.49,114.84,87.0,85.9
23.71,72.38,764.9,114939.73,125396.49,114.84,10.1,9.7
23.68111,72.3675,764.9,114939.73,125396.49,114.84,7.2,5.4
23.70742,72.37534,764.9,114939.73,125396.49,114.84,6.8,6.3
23.725,72.38333,764.9,114939.73,125396.49,114.84,8.4,7.8
23.72583,72.35972,764.9,114939.73,125396.49,114.84,7.0,6.7
23.77556,72.51361,764.9,114939.73,125396.49,114.84,5.6,4.8
23.74,72.6,764.9,114939.73,125396.49,114.84,10.1,4.5
23.63,72.56,764.9,114939.73,125396.49,114.84,110.0,112.1
23.75,72.51,764.9,114939.73,125396.49,114.84,144.9,141.6
23.7,72.52,764.9,114939.73,125396.49,114.84,120.4,121.4
23.71,72.52,764.9,114939.73,125396.49,114.84,32.5,32.7
23.70683,72.51976,764.9,114939.73,125396.49,114.84,2.55,2.4
23.60553,72.51358,764.9,114939.73,125396.49,114.84,6.7,5.7
23.59639,72.45639,764.9,114939.73,125396.49,114.84,14.0,13.0
23.675,72.48361,764.9,114939.73,125396.49,114.84,5.05,3.8
23.77,72.45,764.9,114939.73,125396.49,114.84,10.9,10.5
23.77,72.45,764.9,114939.73,125396.49,114.84,101.5,102.4
23.75833,72.45833,764.9,114939.73,125396.49,114.84,7.65,5.19
23.78,72.56,764.9,114939.73,125396.49,114.84,3.1,2.5
23.78,72.56,764.9,114939.73,125396.49,114.84,97.7,97.1
23.72,72.46,764.9,114939.73,125396.49,114.84,3.25,2.2
23.71678,72.45746,764.9,114939.73,125396.49,114.84,6.97,6.33
23.69722,72.06944,764.9,40272.71,38566.63,100.8,2.52,1.98
23.6625,72.27917,764.9,40272.71,38566.63,100.8,9.8,7.9
23.68,72.17389,764.9,40272.71,38566.63,100.8,16.0,15.6
23.68444,72.17306,764.9,40272.71,38566.63,100.8,130.8,135.1
23.68444,72.17306,764.9,40272.71,38566.63,100.8,139.6,143.3
23.71722,72.19861,764.9,40272.71,38566.63,100.8,51.5,71.4
23.71722,72.19861,764.9,40272.71,38566.63,100.8,151.05,147.9
23.615,72.14611,764.9,40272.71,38566.63,100.8,8.5,7.7
23.84167,72.12361,764.9,40272.71,38566.63,100.8,17.48,14.68
23.83,72.22,764.9,40272.71,38566.63,100.8,35.5,33.9
23.86,72.03,764.9,40272.71,38566.63,100.8,56.4,56.1
23.86583,72.1975,764.9,40272.71,38566.63,100.8,23.4,23.5
23.86361,72.23,764.9,40272.71,38566.63,100.8,44.8,45.1
23.79583,72.06444,764.9,40272.71,38566.63,100.8,99.6,105.05
23.77944,72.28389,764.9,40272.71,38566.63,100.8,15.4,13.5
23.7625,72.11,764.9,40272.71,38566.63,100.8,16.7,12.75
23.83583,72.2375,764.9,40272.71,38566.63,100.8,13.4,13.3
23.77,72.3,764.9,40272.71,38566.63,100.8,162.97,167.27
23.77028,72.30028,764.9,40272.71,38566.63,100.8,15.9,14.3
23.77028,72.30028,764.9,40272.71,38566.63,100.8,8.1,7.2
23.76667,72.25417,764.9,40272.71,38566.63,100.8,9.8,8.15
23.77917,72.1625,764.9,40272.71,38566.63,100.8,17.81,16.81
23.77917,72.16278,764.9,40272.71,38566.63,100.8,28.3,28.2
23.77917,72.16278,764.9,40272.71,38566.63,100.8,17.8,15.8
23.84972,72.21972,764.9,40272.71,38566.63,100.8,30.8,20.6
23.85,72.05,764.9,40272.71,38566.63,100.8,35.3,34.4
24.03,72.14,764.9,40272.71,38566.63,100.8,57.2,55.4
23.89,72.2,764.9,40272.71,38566.63,100.8,71.4,71.9
23.9165,72.10083,764.9,40272.71,38566.63,100.8,27.41,29.66
23.90778,72.1825,764.9,40272.71,38566.63,100.8,9.7,7.5
24.08,72.21,764.9,40272.71,38566.63,100.8,52.95,52.8
23.93417,72.16917,764.9,40272.71,38566.63,100.8,16.6,16.2
24.07,72.16,764.9,40272.71,38566.63,100.8,149.2,135.4
23.98639,72.11417,764.9,40272.71,38566.63,100.8,42.3,42.5
24.14,72.13,764.9,40272.71,38566.63,100.8,96.7,91.5
23.95361,72.1825,764.9,40272.71,38566.63,100.8,34.1,34.0
23.95361,72.1825,764.9,40272.71,38566.63,100.8,41.8,42.4
23.95083,72.15694,764.9,40272.71,38566.63,100.8,17.2,17.9
24.03,72.05,764.9,40272.71,38566.63,100.8,110.48,111.98
23.92,72.38,764.9,40272.71,38566.63,100.8,76.8,74.9
23.92,72.38,764.9,40272.71,38566.63,100.8,128.96,125.0
23.92,72.38,764.9,40272.71,38566.63,100.8,179.0,175.7
23.88654,72.39809,764.9,40272.71,38566.63,100.8,44.69,46.5
23.88654,72.39809,764.9,40272.71,38566.63,100.8,75.56,74.5
23.91,72.46,764.9,40272.71,38566.63,100.8,49.0,47.9
23.91,72.46,764.9,40272.71,38566.63,100.8,73.5,73.6
23.96,72.24,764.9,40272.71,38566.63,100.8,65.1,57.4
23.96,72.24,764.9,40272.71,38566.63,100.8,184.92,175.22
23.96,72.24,764.9,40272.71,38566.63,100.8,169.2,174.0
23.95944,72.24,764.9,40272.71,38566.63,100.8,26.8,17.3
23.91,72.34,764.9,40272.71,38566.63,100.8,32.4,30.4
23.98,72.29,764.9,40272.71,38566.63,100.8,64.3,62.2
23.98,72.29,764.9,40272.71,38566.63,100.8,115.5,115.7
23.94,72.33,764.9,40272.71,38566.63,100.8,169.3,170.8
23.84639,72.99611,764.9,89347.95,59455.31,70.05,5.5,2.4
23.75,73.03,764.9,89347.95,59455.31,70.05,12.8,5.3
23.74639,73.02833,764.9,89347.95,59455.31,70.05,12.4,8.5
23.74868,73.0284,764.9,89347.95,59455.31,70.05,22.8,27.3
23.87,73.08,764.9,89347.95,59455.31,70.05,14.2,7.3
23.92333,72.85333,764.9,89347.95,59455.31,70.05,15.3,15.4
23.82167,72.84611,764.9,89347.95,59455.31,70.05,11.3,6.5
23.76,72.99,764.9,89347.95,59455.31,70.05,38.1,19.4
23.73,72.85,764.9,89347.95,59455.31,70.05,15.1,12.9
23.86,72.8,764.9,89347.95,59455.31,70.05,11.7,9.5
23.85643,72.84283,764.9,89347.95,59455.31,70.05,12.8,6.8
23.90167,72.83583,764.9,89347.95,59455.31,70.05,13.75,9.95
23.7425,72.93667,764.9,89347.95,59455.31,70.05,16.3,9.3
23.80278,72.8775,764.9,89347.95,59455.31,70.05,8.9,8.3
23.88722,73.09611,764.9,89347.95,59455.31,70.05,18.4,11.0
23.84074,73.03973,764.9,89347.95,59455.31,70.05,9.3,5.5
23.83583,73.05417,764.9,89347.95,59455.31,70.05,20.4,7.9
23.83313,72.79948,764.9,89347.95,59455.31,70.05,13.2,6.0
23.71,73.09,764.9,89347.95,59455.31,70.05,19.2,4.0
23.88611,72.84861,764.9,89347.95,59455.31,70.05,17.1,7.2
23.81981,73.11958,764.9,89347.95,59455.31,70.05,16.5,15.6
23.80798,72.90653,764.9,89347.95,59455.31,70.05,16.8,4.5
23.85575,72.9407,764.9,89347.95,59455.31,70.05,27.9,4.2
23.81,73.14,764.9,89347.95,59455.31,70.05,15.7,7.6
23.91,72.88,764.9,89347.95,59455.31,70.05,4.7,1.8
23.38778,72.87139,764.9,89347.95,59455.31,70.05,34.4,31.2
23.51,72.93,764.9,89347.95,59455.31,70.05,27.5,24.6
23.44167,72.97417,764.9,89347.95,59455.31,70.05,11.2,9.3
23.35,72.83,764.9,89347.95,59455.31,70.05,80.3,78.3
23.35,72.83,764.9,89347.95,59455.31,70.05,73.9,73.7
23.35,72.83,764.9,89347.95,59455.31,70.05,60.0,58.4
23.44,72.84,764.9,89347.95,59455.31,70.05,22.7,18.3
23.44361,72.82722,764.9,89347.95,59455.31,70.05,28.8,28.4
23.41483,72.84118,764.9,89347.95,59455.31,70.05,36.22,38.16
23.41556,72.84111,764.9,89347.95,59455.31,70.05,21.5,21.0
23.4,72.76,764.9,89347.95,59455.31,70.05,81.2,73.4
23.48,72.9,764.9,89347.95,59455.31,70.05,30.6,29.8
23.4,72.79,764.9,89347.95,59455.31,70.05,81.4,70.9
23.39722,72.87028,764.9,89347.95,59455.31,70.05,31.6,30.6
23.35611,72.95,764.9,89347.95,59455.31,70.05,1.9,1.4
23.32528,73.06194,764.9,89347.95,59455.31,70.05,13.7,12.0
23.40601,73.04527,764.9,89347.95,59455.31,70.05,5.9,3.6
23.30139,73.015,764.9,89347.95,59455.31,70.05,24.2,21.5
23.3475,72.99722,764.9,89347.95,59455.31,70.05,12.3,9.2
23.39472,72.98333,764.9,89347.95,59455.31,70.05,8.5,2.2
23.39611,73.11111,764.9,89347.95,59455.31,70.05,14.5,13.0
23.35944,72.98389,764.9,89347.95,59455.31,70.05,9.3,5.1
23.44361,73.05333,764.9,89347.95,59455.31,70.05,8.4,5.8
23.34694,73.04333,764.9,89347.95,59455.31,70.05,8.4,6.35
23.94,73.04,764.9,89347.95,59455.31,70.05,15.2,4.7
23.98,72.9,764.9,89347.95,59455.31,70.05,13.4,5.1
23.90336,72.95547,764.9,89347.95,59455.31,70.05,16.0,7.7
23.9,73.11944,764.9,89347.95,59455.31,70.05,23.41,17.61
23.89639,73.11722,764.9,89347.95,59455.31,70.05,22.7,12.4
23.94,73.11,764.9,89347.95,59455.31,70.05,16.4,8.4
23.99,73.06,764.9,89347.95,59455.31,70.05,15.6,4.8
23.94,72.99,764.9,89347.95,59455.31,70.05,11.8,4.2
23.96806,72.92389,764.9,89347.95,59455.31,70.05,9.0,8.5
23.97583,72.86056,764.9,89347.95,59455.31,70.05,12.5,8.8
24.0,72.99,764.9,89347.95,59455.31,70.05,11.0,5.4
23.91528,73.14528,764.9,89347.95,59455.31,70.05,23.15,14.75
28.6361,75.6163,764.9,45309.53,47717.0,117.01,55.6,55.65
28.6511,75.723,764.9,45309.53,47717.0,117.01,55.63,55.45
28.5698,75.703,764.9,45309.53,47717.0,117.01,65.63,65.8
28.6021,75.6982,764.9,45309.53,47717.0,117.01,80.67,80.7
28.7058,75.7067,764.9,45309.53,47717.0,117.01,41.31,41.3
28.6789,75.6893,764.9,45309.53,47717.0,117.01,45.62,45.7
28.6731,75.7402,764.9,45309.53,47717.0,117.01,53.86,54.0
28.5679,75.6786,764.9,45309.53,47717.0,117.01,81.49,81.6
28.6464,75.5908,764.9,45309.53,47717.0,117.01,55.67,56.82
28.6335,75.6866,764.9,45309.53,47717.0,117.01,55.69,55.7
28.5944,75.6714,764.9,45309.53,47717.0,117.01,68.03,68.23
28.6733,75.6245,764.9,45309.53,47717.0,117.01,55.53,55.42
28.69,75.8114,764.9,45309.53,47717.0,117.01,46.2,46.38
28.6482,75.9689,764.9,45309.53,47717.0,117.01,25.82,26.0
28.7009,75.9904,764.9,45309.53,47717.0,117.01,11.64,12.07
28.7034,75.9516,764.9,45309.53,47717.0,117.01,9.02,8.8
28.633,75.9329,764.9,45309.53,47717.0,117.01,31.57,31.89
28.6944,75.8844,764.9,45309.53,47717.0,117.01,13.97,14.1
28.6944,75.8844,764.9,45309.53,47717.0,117.01,14.22,14.17
28.695,75.8259,764.9,45309.53,47717.0,117.01,34.98,35.5
28.7333,75.8442,764.9,45309.53,47717.0,117.01,17.35,17.45
28.7292,76.0362,764.9,45309.53,47717.0,117.01,9.1,9.27
28.6384,75.8995,764.9,45309.53,47717.0,117.01,21.82,23.0
28.7064,75.9657,764.9,45309.53,47717.0,117.01,11.08,11.35
28.6714,76.0669,764.9,45309.53,47717.0,117.01,7.48,6.81
28.7049,76.0424,764.9,45309.53,47717.0,117.01,10.04,11.92
28.7117,76.0458,764.9,45309.53,47717.0,117.01,8.61,11.92
28.6197,75.9026,764.9,45309.53,47717.0,117.01,30.5,30.66
28.7484,75.8707,764.9,45309.53,47717.0,117.01,12.75,13.25
28.7497,75.8955,764.9,45309.53,47717.0,117.01,12.31,12.23
28.41,75.863,764.9,45309.53,47717.0,117.01,52.95,53.0
28.5203,75.724,764.9,45309.53,47717.0,117.01,72.0,72.0
28.6493,75.7864,764.9,45309.53,47717.0,117.01,56.36,56.2
28.6052,75.7618,764.9,45309.53,47717.0,117.01,62.74,62.54
28.5056,75.7141,764.9,45309.53,47717.0,117.01,64.45,64.75
28.5828,75.8176,764.9,45309.53,47717.0,117.01,53.53,53.8
28.5731,75.8223,764.9,45309.53,47717.0,117.01,57.5,57.0
28.4497,75.8737,764.9,45309.53,47717.0,117.01,52.05,52.15
28.4881,75.7963,764.9,45309.53,47717.0,117.01,58.47,58.65
28.5194,75.7459,764.9,45309.53,47717.0,117.01,69.66,70.0
28.4953,75.824,764.9,45309.53,47717.0,117.01,57.24,57.5
28.4881,75.8159,764.9,45309.53,47717.0,117.01,61.33,61.45
28.6199,75.8547,764.9,45309.53,47717.0,117.01,34.12,34.5
28.5699,75.7392,764.9,45309.53,47717.0,117.01,73.24,73.56
28.5239,75.7971,764.9,45309.53,47717.0,117.01,61.62,61.85
28.5315,75.8,764.9,45309.53,47717.0,117.01,73.75,74.6
28.7939,75.8598,764.9,45309.53,47717.0,117.01,9.8,9.3
28.875,75.8881,764.9,45309.53,47717.0,117.01,11.2,10.53
28.7625,75.9831,764.9,45309.53,47717.0,117.01,12.7,13.0
28.7625,75.9831,764.9,45309.53,47717.0,117.01,12.62,12.55
28.8313,75.8071,764.9,45309.53,47717.0,117.01,9.55,9.7
28.78,75.7796,764.9,45309.53,47717.0,117.01,14.95,15.62
28.8547,75.8069,764.9,45309.53,47717.0,117.01,10.2,9.7
28.8681,75.8407,764.9,45309.53,47717.0,117.01,18.4,17.9
28.7497,75.8955,764.9,45309.53,47717.0,117.01,16.6,16.75
28.842,75.739,764.9,45309.53,47717.0,117.01,4.0,3.9
28.8472,75.7417,764.9,45309.53,47717.0,117.01,1.6,1.67
28.8472,75.7417,764.9,45309.53,47717.0,117.01,4.28,3.83
28.7976,75.9636,764.9,45309.53,47717.0,117.01,1.5,2.6
28.8026,75.906,764.9,45309.53,47717.0,117.01,24.9,24.95
28.9064,75.7921,764.9,45309.53,47717.0,117.01,3.8,3.5
28.7331,75.7632,764.9,45309.53,47717.0,117.01,40.0,39.73
28.7559,75.7154,764.9,45309.53,47717.0,117.01,19.55,18.95
28.7565,75.7143,764.9,45309.53,47717.0,117.01,18.62,18.44
28.8402,75.874,764.9,45309.53,47717.0,117.01,8.5,8.3
28.8175,75.7536,764.9,45309.53,47717.0,117.01,6.4,6.75
28.7729,75.7599,764.9,45309.53,47717.0,117.01,19.78,20.02
28.9077,75.8683,764.9,45309.53,47717.0,117.01,19.6,19.1
28.8303,75.8769,764.9,45309.53,47717.0,117.01,9.51,9.7
28.7929,75.7289,764.9,45309.53,47717.0,117.01,6.39,5.95
28.7806,75.9368,764.9,45309.53,47717.0,117.01,19.85,19.55
28.7783,75.9314,764.9,45309.53,47717.0,117.01,20.95,21.5
28.7953,75.8131,764.9,45309.53,47717.0,117.01,14.65,15.13
28.8969,75.8224,764.9,45309.53,47717.0,117.01,12.8,12.4
28.7547,75.7482,764.9,45309.53,47717.0,117.01,17.0,16.25
28.8722,75.9528,764.9,45309.53,47717.0,117.01,4.65,4.3
28.8109,75.8419,764.9,45309.53,47717.0,117.01,11.55,11.7
28.8768,75.9119,764.9,45309.53,47717.0,117.01,6.5,5.5
28.8768,75.9119,764.9,45309.53,47717.0,117.01,7.4,7.1
28.8811,75.9167,764.9,45309.53,47717.0,117.01,5.09,4.6
28.8811,75.9167,764.9,45309.53,47717.0,117.01,7.03,6.26
28.7964,75.8083,764.9,45309.53,47717.0,117.01,11.46,40.94
28.5171,75.946,764.9,18569.38,26675.2,159.61,61.69,62.0
28.51,76.01,764.9,18569.38,26675.2,159.61,66.64,67.0
28.5748,76.0796,764.9,18569.38,26675.2,159.61,46.83,46.9
28.4874,75.9757,764.9,18569.38,26675.2,159.61,64.97,65.08
28.4583,75.9845,764.9,18569.38,26675.2,159.61,75.99,76.15
28.62,76.0487,764.9,18569.38,26675.2,159.61,32.5,32.05
28.5501,75.9487,764.9,18569.38,26675.2,159.61,63.88,64.16
28.5386,75.9812,764.9,18569.38,26675.2,159.61,68.5,56.02
28.5746,75.9802,764.9,18569.38,26675.2,159.61,64.06,64.16
28.5645,75.9582,764.9,18569.38,26675.2,159.61,63.95,64.15
28.5801,75.9658,764.9,18569.38,26675.2,159.61,58.95,59.03
28.5483,75.8624,764.9,18569.38,26675.2,159.61,61.2,61.5
28.5381,75.8939,764.9,18569.38,26675.2,159.61,61.5,61.65
28.5382,75.8753,764.9,18569.38,26675.2,159.61,62.1,62.25
28.4683,75.9102,764.9,18569.38,26675.2,159.61,66.72,66.85
28.583,75.9301,764.9,18569.38,26675.2,159.61,69.51,69.65
28.45,75.94,764.9,18569.38,26675.2,159.61,74.42,74.58
28.4873,75.9932,764.9,18569.38,26675.2,159.61,69.0,69.5
28.3255,77.4645,764.9,16377.0,18551.0,125.86,22.3,22.38
28.382,77.4491,764.9,16377.0,18551.0,125.86,13.25,13.3
28.3039,77.4622,764.9,16377.0,18551.0,125.86,11.9,11.98
28.3714,77.4718,764.9,16377.0,18551.0,125.86,11.5,11.65
28.2926,77.4422,764.9,16377.0,18551.0,125.86,11.0,11.35
28.3255,77.4087,764.9,16377.0,18551.0,125.86,13.2,13.35
28.3149,77.4708,764.9,16377.0,18551.0,125.86,21.5,21.55
28.291,77.362,764.9,16377.0,18551.0,125.86,17.05,17.25
28.284,77.379,764.9,16377.0,18551.0,125.86,18.15,18.25
28.26,77.4617,764.9,16377.0,18551.0,125.86,15.0,16.4
28.305,77.39,764.9,16377.0,18551.0,125.86,18.7,18.88
28.26,77.34,764.9,16377.0,18551.0,125.86,6.2,6.35
28.2513,77.3714,764.9,16377.0,18551.0,125.86,10.8,10.95
28.2948,77.2967,764.9,16377.0,18551.0,125.86,15.7,15.78
28.3142,77.2846,764.9,16377.0,18551.0,125.86,2.05,2.1
28.2759,77.3031,764.9,16377.0,18551.0,125.86,15.65,15.75
28.2784,77.2883,764.9,16377.0,18551.0,125.86,6.4,5.27
28.3052,77.2533,764.9,16377.0,18551.0,125.86,2.7,2.78
28.2866,77.3406,764.9,16377.0,18551.0,125.86,10.1,10.22
28.4638,77.2629,764.9,16377.0,18551.0,125.86,15.55,15.85
28.4096,77.3241,764.9,16377.0,18551.0,125.86,21.65,21.8
28.4096,77.3241,764.9,16377.0,18551.0,125.86,56.2,56.55
28.411,77.2761,764.9,16377.0,18551.0,125.86,13.8,13.95
28.412,77.399,764.9,16377.0,18551.0,125.86,20.2,20.6
28.3333,77.3271,764.9,16377.0,18551.0,125.86,27.5,27.92
28.4279,77.3665,764.9,16377.0,18551.0,125.86,15.1,15.4
28.1525,77.325,764.9,16377.0,18551.0,125.86,14.2,14.35
28.393,77.262,764.9,16377.0,18551.0,125.86,11.3,11.45
28.4229,77.382,764.9,16377.0,18551.0,125.86,19.2,19.6
28.3271,77.1901,764.9,16377.0,18551.0,125.86,18.0,18.17
28.462,77.368,764.9,16377.0,18551.0,125.86,12.0,19.95
28.34,77.2,764.9,16377.0,18551.0,125.86,15.0,15.05
28.3869,77.213,764.9,16377.0,18551.0,125.86,16.9,17.1
28.4012,77.4203,764.9,16377.0,18551.0,125.86,23.15,23.3
28.3108,77.1754,764.9,16377.0,18551.0,125.86,9.6,9.65
28.331,77.17,764.9,16377.0,18551.0,125.86,20.0,20.15
28.3776,77.1748,764.9,16377.0,18551.0,125.86,18.0,18.05
28.3728,77.2486,764.9,16377.0,18551.0,125.86,25.06,28.66
28.382,77.2429,764.9,16377.0,18551.0,125.86,16.15,16.35
28.3549,77.2148,764.9,16377.0,18551.0,125.86,15.25,15.4
29.71,75.9,764.9,63986.56,92964.0,161.43,17.15,16.4
29.686,75.7831,764.9,63986.56,92964.0,161.43,40.6,41.1
29.6761,75.8554,764.9,63986.56,92964.0,161.43,22.5,16.7
29.7171,75.9409,764.9,63986.56,92964.0,161.43,23.9,24.0
29.6565,75.8945,764.9,63986.56,92964.0,161.43,25.4,26.4
29.7229,75.8707,764.9,63986.56,92964.0,161.43,31.8,32.0
29.6797,75.7205,764.9,63986.56,92964.0,161.43,40.7,50.0
29.6473,75.8453,764.9,63986.56,92964.0,161.43,18.2,20.0
29.5698,75.878,764.9,63986.56,92964.0,161.43,7.5,7.15
29.7127,75.8102,764.9,63986.56,92964.0,161.43,34.95,36.0
29.6425,75.7904,764.9,63986.56,92964.0,161.43,30.2,31.45
29.701,75.835,764.9,63986.56,92964.0,161.43,30.6,35.8
29.6945,75.931,764.9,63986.56,92964.0,161.43,18.9,19.35
29.6717,75.933,764.9,63986.56,92964.0,161.43,18.9,19.14
29.6405,75.9311,764.9,63986.56,92964.0,161.43,25.9,26.0
29.6613,75.7275,764.9,63986.56,92964.0,161.43,33.2,47.5
29.6058,75.8874,764.9,63986.56,92964.0,161.43,9.2,8.42
29.5713,75.8437,764.9,63986.56,92964.0,161.43,12.5,12.0
29.6461,75.6876,764.9,63986.56,92964.0,161.43,49.2,49.6
29.6269,75.9375,764.9,63986.56,92964.0,161.43,2.64,2.79
29.7401,75.8779,764.9,63986.56,92964.0,161.43,38.1,38.2
29.6189,75.8314,764.9,63986.56,92964.0,161.43,14.95,13.85
28.3715,76.8876,764.9,21196.0,42122.0,220.8,30.05,30.25
28.4444,76.8343,764.9,21196.0,42122.0,220.8,21.1,21.05
28.4001,76.7753,764.9,21196.0,42122.0,220.8,24.8,26.1
28.4717,76.9195,764.9,21196.0,42122.0,220.8,8.75,8.9
28.3848,76.7355,764.9,21196.0,42122.0,220.8,24.6,24.65
28.4078,76.8258,764.9,21196.0,42122.0,220.8,24.3,25.64
28.3706,76.8366,764.9,21196.0,42122.0,220.8,33.1,33.27
28.453,76.7306,764.9,21196.0,42122.0,220.8,13.15,13.23
28.492,76.8619,764.9,21196.0,42122.0,220.8,6.55,6.85
28.4416,76.7751,764.9,21196.0,42122.0,220.8,17.95,18.03
28.4782,76.829,764.9,21196.0,42122.0,220.8,13.15,13.35
28.4605,76.869,764.9,21196.0,42122.0,220.8,9.65,9.75
28.3967,76.8775,764.9,21196.0,42122.0,220.8,17.35,22.73
28.4681,77.0836,764.9,21196.0,42122.0,220.8,65.0,65.15
28.51,77.03,764.9,21196.0,42122.0,220.8,39.1,37.4
28.5136,76.9769,764.9,21196.0,42122.0,220.8,4.75,2.65
28.5056,77.0781,764.9,21196.0,42122.0,220.8,99.6,99.0
28.46,77.027,764.9,21196.0,42122.0,220.8,37.65,39.11
28.36,76.9,764.9,21196.0,42122.0,220.8,36.5,36.65
28.3868,77.0526,764.9,21196.0,42122.0,220.8,24.8,24.92
28.4014,76.9871,764.9,21196.0,42122.0,220.8,34.75,36.3
28.35,77.03,764.9,21196.0,42122.0,220.8,34.7,35.47
28.4177,76.9115,764.9,21196.0,42122.0,220.8,17.7,16.75
28.4413,77.0832,764.9,21196.0,42122.0,220.8,30.85,31.05
28.3558,76.9547,764.9,21196.0,42122.0,220.8,28.73,29.06
28.4067,76.9192,764.9,21196.0,42122.0,220.8,18.1,15.7
28.5,77.02,764.9,21196.0,42122.0,220.8,27.25,29.5
28.4667,77.0672,764.9,21196.0,42122.0,220.8,49.8,50.8
28.4713,76.9203,764.9,21196.0,42122.0,220.8,11.0,11.15
28.4713,76.9197,764.9,21196.0,42122.0,220.8,10.07,9.65
28.4584,76.9029,764.9,21196.0,42122.0,220.8,19.05,19.15
28.35,77.03,764.9,21196.0,42122.0,220.8,30.85,30.97
28.4245,77.1448,764.9,21196.0,42122.0,220.8,23.35,23.5
28.3467,76.7619,764.9,21196.0,42122.0,220.8,29.05,29.25
28.3099,76.9,764.9,21196.0,42122.0,220.8,42.6,43.0
28.3265,76.7801,764.9,21196.0,42122.0,220.8,38.45,38.6
28.2859,76.8656,764.9,21196.0,42122.0,220.8,25.1,25.05
28.491,76.997,764.9,21196.0,42122.0,220.8,10.55,9.85
28.3054,76.8375,764.9,21196.0,42122.0,220.8,38.05,39.8
28.348,76.69,764.9,21196.0,42122.0,220.8,30.55,28.3
28.2739,76.683,764.9,21196.0,42122.0,220.8,27.55,27.8
28.3026,76.693,764.9,21196.0,42122.0,220.8,30.6,30.75
28.3001,76.6921,764.9,21196.0,42122.0,220.8,35.84,36.0
28.2732,76.7421,764.9,21196.0,42122.0,220.8,30.1,30.8
28.3472,76.7149,764.9,21196.0,42122.0,220.8,27.0,25.9
28.269,76.8333,764.9,21196.0,42122.0,220.8,26.95,27.77
28.2891,77.0657,764.9,21196.0,42122.0,220.8,22.0,22.53
28.39,77.1,764.9,21196.0,42122.0,220.8,32.0,32.1
28.4093,77.1473,764.9,21196.0,42122.0,220.8,20.1,20.15
28.271,77.063,764.9,21196.0,42122.0,220.8,37.64,39.65
28.3455,77.0597,764.9,21196.0,42122.0,220.8,25.0,28.02
28.3001,77.125,764.9,21196.0,42122.0,220.8,24.4,24.6
28.2431,77.1548,764.9,21196.0,42122.0,220.8,12.15,12.3
28.3017,77.1238,764.9,21196.0,42122.0,220.8,8.35,8.65
28.2596,77.2017,764.9,21196.0,42122.0,220.8,5.7,5.35
28.267,77.138,764.9,21196.0,42122.0,220.8,24.25,24.35
28.3084,77.0518,764.9,21196.0,42122.0,220.8,24.75,24.82
28.2103,77.1825,764.9,21196.0,42122.0,220.8,10.55,10.65
28.3192,77.1152,764.9,21196.0,42122.0,220.8,35.8,35.85
28.3262,77.0803,764.9,21196.0,42122.0,220.8,21.0,22.67
28.2704,77.1565,764.9,21196.0,42122.0,220.8,21.2,21.35
28.3466,77.0977,764.9,21196.0,42122.0,220.8,19.05,19.0
28.2293,77.1249,764.9,21196.0,42122.0,220.8,18.25,18.35
28.296,77.0328,764.9,21196.0,42122.0,220.8,33.1,33.27
29.655,76.539,764.9,51087.0,104775.0,227.88,16.9,17.9
29.6597,76.5147,764.9,51087.0,104775.0,227.88,16.6,17.9
30.0473,76.3312,764.9,51087.0,104775.0,227.88,40.25,42.3
29.9917,76.2486,764.9,51087.0,104775.0,227.88,41.25,42.31
30.0711,76.3666,764.9,51087.0,104775.0,227.88,28.7,30.9
30.0258,76.3918,764.9,51087.0,104775.0,227.88,33.1,34.2
30.107,76.3738,764.9,51087.0,104775.0,227.88,27.6,29.5
30.0638,76.4202,764.9,51087.0,104775.0,227.88,27.7,29.85
30.0557,76.2447,764.9,51087.0,104775.0,227.88,28.8,31.0
30.0991,76.4498,764.9,51087.0,104775.0,227.88,29.45,32.3
30.0073,76.424,764.9,51087.0,104775.0,227.88,25.6,27.9
30.1111,76.2687,764.9,51087.0,104775.0,227.88,32.1,34.6
30.1505,76.4179,764.9,51087.0,104775.0,227.88,31.9,33.3
30.0601,76.3721,764.9,51087.0,104775.0,227.88,33.1,35.25
30.0401,76.3001,764.9,51087.0,104775.0,227.88,38.3,41.2
30.0702,76.3124,764.9,51087.0,104775.0,227.88,31.9,34.8
30.1317,76.2328,764.9,51087.0,104775.0,227.88,33.6,35.0
29.9855,76.2381,764.9,51087.0,104775.0,227.88,42.9,45.5
29.9608,76.2507,764.9,51087.0,104775.0,227.88,50.45,53.1
30.0011,76.3428,764.9,51087.0,104775.0,227.88,40.3,41.5
30.1184,76.4401,764.9,51087.0,104775.0,227.88,30.2,32.2
29.9803,76.4217,764.9,51087.0,104775.0,227.88,23.9,25.2
30.0238,76.3856,764.9,51087.0,104775.0,227.88,31.4,33.4
30.0457,76.2472,764.9,51087.0,104775.0,227.88,30.7,32.3
30.072,76.3841,764.9,51087.0,104775.0,227.88,31.4,33.2
30.0002,76.2839,764.9,51087.0,104775.0,227.88,47.5,49.1
29.5744,76.4934,764.9,51087.0,104775.0,227.88,14.1,14.7
29.5753,76.4881,764.9,51087.0,104775.0,227.88,14.1,14.7
29.657,76.4421,764.9,51087.0,104775.0,227.88,13.88,14.85
29.6608,76.4292,764.9,51087.0,104775.0,227.88,11.47,12.75
29.6578,76.4081,764.9,51087.0,104775.0,227.88,11.48,11.95
29.5866,76.432,764.9,51087.0,104775.0,227.88,11.84,12.65
29.5531,76.381,764.9,51087.0,104775.0,227.88,15.9,16.1
29.6545,76.4728,764.9,51087.0,104775.0,227.88,14.83,15.9
29.5646,76.4446,764.9,51087.0,104775.0,227.88,13.9,15.0
29.5866,76.5367,764.9,51087.0,104775.0,227.88,16.3,17.8
29.6208,76.4311,764.9,51087.0,104775.0,227.88,11.88,12.6
29.6305,76.4924,764.9,51087.0,104775.0,227.88,15.45,16.0
29.6808,76.4714,764.9,51087.0,104775.0,227.88,13.58,14.75
29.5926,76.3728,764.9,51087.0,104775.0,227.88,13.8,13.95
29.6237,76.3993,764.9,51087.0,104775.0,227.88,12.85,12.2
29.6368,76.9812,764.9,77622.0,118696.0,169.91,18.07,17.48
29.6405,77.1056,764.9,77622.0,118696.0,169.91,11.36,11.04
29.7416,76.9755,764.9,77622.0,118696.0,169.91,14.01,13.44
29.7456,77.1042,764.9,77622.0,118696.0,169.91,9.16,8.74
29.6947,76.95,764.9,77622.0,118696.0,169.91,23.08,15.11
29.6228,77.0969,764.9,77622.0,118696.0,169.91,9.82,9.59
29.6617,77.0885,764.9,77622.0,118696.0,169.91,19.57,18.87
29.7611,77.0014,764.9,77622.0,118696.0,169.91,13.89,13.72
29.706,76.9111,764.9,77622.0,118696.0,169.91,13.93,17.4
29.6462,77.1119,764.9,77622.0,118696.0,169.91,8.74,8.27
29.685,77.0945,764.9,77622.0,118696.0,169.91,13.89,13.77
29.6858,77.114,764.9,77622.0,118696.0,169.91,11.13,10.38
29.72,76.9407,764.9,77622.0,118696.0,169.91,15.96,15.07
29.789,76.9802,764.9,77622.0,118696.0,169.91,8.57,7.11
29.6433,77.017,764.9,77622.0,118696.0,169.91,19.85,19.67
29.6816,76.935,764.9,77622.0,118696.0,169.91,19.37,18.53
29.6933,77.0549,764.9,77622.0,118696.0,169.91,19.04,18.74
29.6249,76.9972,764.9,77622.0,118696.0,169.91,19.85,19.67
29.9997,76.9667,764.9,33247.1,73008.0,243.99,32.72,35.16
29.9645,77.0933,764.9,33247.1,73008.0,243.99,17.0,18.5
30.0232,77.0591,764.9,33247.1,73008.0,243.99,34.7,35.8
29.9747,77.0581,764.9,33247.1,73008.0,243.99,27.0,28.5
29.9807,77.0137,764.9,33247.1,73008.0,243.99,37.3,38.5
29.9592,77.0577,764.9,33247.1,73008.0,243.99,24.8,26.5
29.9586,77.0567,764.9,33247.1,73008.0,243.99,19.9,19.08
30.0085,77.1002,764.9,33247.1,73008.0,243.99,29.4,30.9
29.9802,77.075,764.9,33247.1,73008.0,243.99,26.1,28.5
30.0792,77.0638,764.9,33247.1,73008.0,243.99,34.0,35.1
30.0207,76.9864,764.9,33247.1,73008.0,243.99,38.6,39.3
29.96,77.0291,764.9,33247.1,73008.0,243.99,26.5,28.3
29.9759,76.58,764.9,33247.1,73008.0,243.99,38.65,40.0
30.0849,76.4812,764.9,33247.1,73008.0,243.99,34.05,36.05
30.0074,76.6254,764.9,33247.1,73008.0,243.99,37.1,39.2
29.9234,76.6086,764.9,33247.1,73008.0,243.99,31.25,33.15
29.9604,76.6917,764.9,33247.1,73008.0,243.99,29.9,30.8
30.0222,76.6645,764.9,33247.1,73008.0,243.99,36.8,38.5
30.0587,76.4663,764.9,33247.1,73008.0,243.99,27.8,30.1
29.9727,76.5596,764.9,33247.1,73008.0,243.99,39.2,41.1
29.9623,76.7314,764.9,33247.1,73008.0,243.99,28.9,29.1
29.9713,76.4948,764.9,33247.1,73008.0,243.99,31.5,33.5
30.0169,76.4917,764.9,33247.1,73008.0,243.99,29.88,32.6
30.0119,76.5805,764.9,33247.1,73008.0,243.99,39.2,41.0
30.0484,76.4933,764.9,33247.1,73008.0,243.99,30.8,32.1
29.9419,76.5535,764.9,33247.1,73008.0,243.99,32.7,34.1
29.9561,76.4939,764.9,33247.1,73008.0,243.99,31.4,33.7
29.9997,76.5806,764.9,33247.1,73008.0,243.99,32.66,38.12
29.9821,76.6526,764.9,33247.1,73008.0,243.99,29.0,31.2
29.9897,76.4484,764.9,33247.1,73008.0,243.99,27.6,29.1
30.0336,76.4405,764.9,33247.1,73008.0,243.99,34.1,36.2
30.0163,76.5477,764.9,33247.1,73008.0,243.99,34.1,36.2
29.9555,76.6202,764.9,33247.1,73008.0,243.99,33.4,34.2
29.9448,76.6615,764.9,33247.1,73008.0,243.99,31.3,32.8
30.0101,76.6932,764.9,33247.1,73008.0,243.99,33.2,35.8
29.9201,76.4989,764.9,33247.1,73008.0,243.99,32.2,34.6
30.0684,76.5582,764.9,33247.1,73008.0,243.99,34.5,35.1
30.2095,76.7948,764.9,33247.1,73008.0,243.99,42.7,43.7
30.1489,76.9089,764.9,33247.1,73008.0,243.99,42.7,42.9
30.1493,76.7846,764.9,33247.1,73008.0,243.99,39.9,42.0
30.1758,76.8245,764.9,33247.1,73008.0,243.99,42.5,44.0
30.1132,76.9367,764.9,33247.1,73008.0,243.99,40.0,40.9
30.2126,76.8701,764.9,33247.1,73008.0,243.99,48.5,49.0
30.2428,76.8458,764.9,33247.1,73008.0,243.99,6.47,6.85
30.2428,76.8458,764.9,33247.1,73008.0,243.99,32.0,32.7
30.176,76.7729,764.9,33247.1,73008.0,243.99,43.15,43.85
30.1879,76.9281,764.9,33247.1,73008.0,243.99,42.6,44.0
30.1821,76.886,764.9,33247.1,73008.0,243.99,39.1,41.8
30.1741,76.918,764.9,33247.1,73008.0,243.99,41.3,42.3
30.1363,76.7714,764.9,33247.1,73008.0,243.99,39.75,41.05
30.1281,76.8829,764.9,33247.1,73008.0,243.99,39.9,41.45
30.1208,76.8249,764.9,33247.1,73008.0,243.99,40.4,42.5
30.1399,76.9517,764.9,33247.1,73008.0,243.99,40.6,41.3
28.1065,76.278,764.9,31147.0,26299.0,93.82,66.8,74.0
28.0888,76.198,764.9,31147.0,26299.0,93.82,44.3,45.0
28.1303,76.3216,764.9,31147.0,26299.0,93.82,65.9,67.0
28.1442,76.2281,764.9,31147.0,26299.0,93.82,73.9,74.3
28.0465,76.3395,764.9,31147.0,26299.0,93.82,52.55,53.85
28.1634,76.2509,764.9,31147.0,26299.0,93.82,60.8,69.6
28.0777,76.2632,764.9,31147.0,26299.0,93.82,61.4,62.0
28.0766,76.3222,764.9,31147.0,26299.0,93.82,72.6,73.3
28.081,76.1764,764.9,31147.0,26299.0,93.82,62.6,63.3
28.0878,76.234,764.9,31147.0,26299.0,93.82,65.6,66.0
28.3331,76.301,764.9,31147.0,26299.0,93.82,24.45,27.4
28.3329,76.3055,764.9,31147.0,26299.0,93.82,14.4,15.6
28.2867,76.2214,764.9,31147.0,26299.0,93.82,37.2,38.0
28.3175,76.2853,764.9,31147.0,26299.0,93.82,36.4,37.2
28.3762,76.2653,764.9,31147.0,26299.0,93.82,7.5,9.8
28.3636,76.3141,764.9,31147.0,26299.0,93.82,15.0,15.6
28.3586,76.2484,764.9,31147.0,26299.0,93.82,25.75,25.5
28.2798,76.2794,764.9,31147.0,26299.0,93.82,45.6,46.0
28.3272,76.2203,764.9,31147.0,26299.0,93.82,29.5,31.5
28.4061,76.2171,764.9,31147.0,26299.0,93.82,32.8,33.5
28.2489,76.2662,764.9,31147.0,26299.0,93.82,57.2,38.0
28.443,76.2192,764.9,31147.0,26299.0,93.82,10.61,11.41
28.392,76.2651,764.9,31147.0,26299.0,93.82,16.1,13.8
28.4114,76.1743,764.9,31147.0,26299.0,93.82,26.67,29.1
28.3897,76.1778,764.9,31147.0,26299.0,93.82,48.66,50.0
28.1753,76.1547,764.9,31147.0,26299.0,93.82,19.6,20.4
28.2045,76.1739,764.9,31147.0,26299.0,93.82,17.8,17.1
28.3002,76.1006,764.9,31147.0,26299.0,93.82,49.2,49.7
28.1764,76.1105,764.9,31147.0,26299.0,93.82,96.7,97.1
28.3346,76.132,764.9,31147.0,26299.0,93.82,34.25,34.3
27.893,76.1153,764.9,31147.0,26299.0,93.82,59.65,60.7
27.8413,76.1465,764.9,31147.0,26299.0,93.82,51.0,51.1
27.8787,76.1563,764.9,31147.0,26299.0,93.82,54.5,54.7
27.9626,76.1349,764.9,31147.0,26299.0,93.82,37.9,37.9
27.8209,76.1716,764.9,31147.0,26299.0,93.82,47.5,47.6
27.8652,76.1136,764.9,31147.0,26299.0,93.82,32.6,32.45
27.8483,76.0561,764.9,31147.0,26299.0,93.82,24.5,24.35
27.8737,76.1362,764.9,31147.0,26299.0,93.82,32.45,31.0
27.8904,76.0709,764.9,31147.0,26299.0,93.82,53.6,33.7
27.9177,76.1197,764.9,31147.0,26299.0,93.82,52.1,51.6
27.8752,76.0698,764.9,31147.0,26299.0,93.82,36.65,36.4
28.0508,76.1125,764.9,31147.0,26299.0,93.82,15.2,14.65
28.0732,76.114,764.9,31147.0,26299.0,93.82,14.2,12.1
28.0508,76.1125,764.9,31147.0,26299.0,93.82,10.42,12.55
28.0949,75.9942,764.9,31147.0,26299.0,93.82,45.4,45.45
28.1217,76.0188,764.9,31147.0,26299.0,93.82,40.8,42.05
28.1051,75.9812,764.9,31147.0,26299.0,93.82,60.85,60.95
28.1312,76.0374,764.9,31147.0,26299.0,93.82,92.5,92.6
28.0314,76.042,764.9,31147.0,26299.0,93.82,62.2,62.85
28.0528,76.0272,764.9,31147.0,26299.0,93.82,98.9,98.9
28.1114,76.0532,764.9,31147.0,26299.0,93.82,37.27,37.55
28.0752,76.0657,764.9,31147.0,26299.0,93.82,31.85,33.05
28.0587,76.0398,764.9,31147.0,26299.0,93.82,52.7,53.15
28.1913,77.4556,764.9,52089.0,50142.0,106.96,17.5,17.62
28.0678,77.4389,764.9,52089.0,50142.0,106.96,10.09,11.0
28.0475,77.4221,764.9,52089.0,50142.0,106.96,7.4,7.3
28.007,77.5034,764.9,52089.0,50142.0,106.96,10.15,10.25
28.0152,77.452,764.9,52089.0,50142.0,106.96,10.1,10.05
27.9703,77.4904,764.9,52089.0,50142.0,106.96,18.6,18.68
27.9703,77.4904,764.9,52089.0,50142.0,106.96,18.6,18.72
27.9809,77.4169,764.9,52089.0,50142.0,106.96,3.31,3.06
27.9631,77.4615,764.9,52089.0,50142.0,106.96,10.9,11.05
28.0292,77.4838,764.9,52089.0,50142.0,106.96,9.69,9.52
28.0023,77.3957,764.9,52089.0,50142.0,106.96,5.75,5.7
27.95,77.4783,764.9,52089.0,50142.0,106.96,17.5,17.4
27.9257,77.2471,764.9,52089.0,50142.0,106.96,13.9,14.0
27.9051,77.27,764.9,52089.0,50142.0,106.96,15.6,15.74
28.0311,77.1676,764.9,52089.0,50142.0,106.96,3.25,3.35
27.9534,77.2636,764.9,52089.0,50142.0,106.96,6.4,6.52
27.9575,77.2726,764.9,52089.0,50142.0,106.96,11.65,11.75
28.0483,77.2916,764.9,52089.0,50142.0,106.96,5.75,5.82
28.0883,77.264,764.9,52089.0,50142.0,106.96,8.8,8.95
28.0874,77.1507,764.9,52089.0,50142.0,106.96,3.15,3.22
28.0717,77.1737,764.9,52089.0,50142.0,106.96,1.8,1.75
28.0278,77.1957,764.9,52089.0,50142.0,106.96,9.7,9.72
28.078,77.2103,764.9,52089.0,50142.0,106.96,17.45,17.6
28.0142,77.2121,764.9,52089.0,50142.0,106.96,12.05,12.1
28.0281,77.2318,764.9,52089.0,50142.0,106.96,69.05,9.12
28.0281,77.2318,764.9,52089.0,50142.0,106.96,10.0,10.05
27.8861,77.2723,764.9,52089.0,50142.0,106.96,13.65,13.8
28.011,77.2624,764.9,52089.0,50142.0,106.96,6.35,6.42
28.0204,77.1925,764.9,52089.0,50142.0,106.96,9.6,9.8
28.0339,77.1875,764.9,52089.0,50142.0,106.96,8.08,10.62
28.1329,77.1741,764.9,52089.0,50142.0,106.96,1.45,1.4
28.1329,77.1741,764.9,52089.0,50142.0,106.96,1.4,1.6
28.1002,77.1767,764.9,52089.0,50142.0,106.96,1.6,1.65
27.98,77.28,764.9,52089.0,50142.0,106.96,6.75,6.85
27.9408,77.2778,764.9,52089.0,50142.0,106.96,9.45,9.4
28.0188,77.1793,764.9,52089.0,50142.0,106.96,6.75,6.42
28.1178,77.1365,764.9,52089.0,50142.0,106.96,1.6,1.68
27.9625,77.1521,764.9,52089.0,50142.0,106.96,2.0,2.05
27.9754,77.1843,764.9,52089.0,50142.0,106.96,12.7,12.72
27.9754,77.1843,764.9,52089.0,50142.0,106.96,13.8,13.94
27.86,77.36,764.9,52089.0,50142.0,106.96,5.6,5.72
27.885,77.3632,764.9,52089.0,50142.0,106.96,11.4,11.52
28.0311,77.3301,764.9,52089.0,50142.0,106.96,2.0,2.05
28.0605,77.3509,764.9,52089.0,50142.0,106.96,9.5,9.55
27.9393,77.3519,764.9,52089.0,50142.0,106.96,7.3,7.35
27.9453,77.345,764.9,52089.0,50142.0,106.96,19.0,19.05
27.8971,77.4414,764.9,52089.0,50142.0,106.96,6.6,6.5
27.9169,77.4543,764.9,52089.0,50142.0,106.96,5.65,5.7
27.8819,77.3291,764.9,52089.0,50142.0,106.96,6.2,6.32
28.0312,77.3771,764.9,52089.0,50142.0,106.96,10.1,10.15
28.0339,77.375,764.9,52089.0,50142.0,106.96,9.34,11.64
28.0718,77.2098,764.9,52089.0,50142.0,106.96,13.55,13.72
27.9946,77.3234,764.9,52089.0,50142.0,106.96,9.7,9.78
27.9003,77.4252,764.9,52089.0,50142.0,106.96,4.6,4.85
27.9434,77.3128,764.9,52089.0,50142.0,106.96,10.2,10.25
28.0701,77.3236,764.9,52089.0,50142.0,106.96,9.85,9.95
28.0021,77.3417,764.9,52089.0,50142.0,106.96,9.58,9.33
28.0272,77.3292,764.9,52089.0,50142.0,106.96,3.85,3.98
28.7625,75.9831,764.9,52089.0,50142.0,106.96,6.6,6.7
28.1525,77.325,764.9,52089.0,50142.0,106.96,7.63,6.42
28.1082,77.2576,764.9,52089.0,50142.0,106.96,5.1,5.15
28.1043,77.3493,764.9,52089.0,50142.0,106.96,6.5,6.62
28.1071,77.3484,764.9,52089.0,50142.0,106.96,11.55,11.65
28.1876,77.2129,764.9,52089.0,50142.0,106.96,26.85,27.05
28.1212,77.2271,764.9,52089.0,50142.0,106.96,4.25,4.32
28.2253,77.2176,764.9,52089.0,50142.0,106.96,11.3,11.4
28.1082,77.2353,764.9,52089.0,50142.0,106.96,6.7,6.75
28.1916,77.2449,764.9,52089.0,50142.0,106.96,10.0,10.15
28.2036,77.1992,764.9,52089.0,50142.0,106.96,12.05,12.0
28.1444,77.2769,764.9,52089.0,50142.0,106.96,11.6,11.78
28.1619,77.2256,764.9,52089.0,50142.0,106.96,8.0,8.18
28.1399,77.4005,764.9,52089.0,50142.0,106.96,20.15,20.22
28.105,77.3195,764.9,52089.0,50142.0,106.96,11.0,11.2
28.1288,77.4162,764.9,52089.0,50142.0,106.96,21.4,21.35
29.4236,77.05,764.9,33178.0,56072.0,187.78,17.12,18.19
29.332,77.0831,764.9,33178.0,56072.0,187.78,19.07,21.32
29.2883,77.0936,764.9,33178.0,56072.0,187.78,14.23,14.01
29.344,77.0274,764.9,33178.0,56072.0,187.78,27.07,26.64
29.3028,77.1255,764.9,33178.0,56072.0,187.78,8.93,8.39
29.3361,77.0999,764.9,33178.0,56072.0,187.78,12.01,11.52
29.26,77.11,764.9,33178.0,56072.0,187.78,10.11,9.56
29.3115,77.0143,764.9,33178.0,56072.0,187.78,35.64,35.32
29.2936,77.1098,764.9,33178.0,56072.0,187.78,12.5,11.02
29.23,77.01,764.9,33178.0,56072.0,187.78,32.88,34.64
29.2455,77.0163,764.9,33178.0,56072.0,187.78,32.91,29.07
29.2481,77.1026,764.9,33178.0,56072.0,187.78,16.01,16.44
29.1885,77.0937,764.9,33178.0,56072.0,187.78,20.89,21.54
29.284,77.043,764.9,33178.0,56072.0,187.78,32.04,31.12
29.2082,77.0684,764.9,33178.0,56072.0,187.78,25.91,26.83
29.1899,77.042,764.9,33178.0,56072.0,187.78,31.02,32.34
29.2289,77.1177,764.9,33178.0,56072.0,187.78,13.77,14.37
29.2745,77.009,764.9,33178.0,56072.0,187.78,34.93,35.63
29.2745,77.009,764.9,33178.0,56072.0,187.78,34.94,34.1
29.2269,76.9794,764.9,33178.0,56072.0,187.78,28.37,35.56
29.2728,76.947,764.9,33178.0,56072.0,187.78,17.97,18.77
29.2065,77.0236,764.9,33178.0,56072.0,187.78,31.46,32.41
29.2033,77.0278,764.9,33178.0,56072.0,187.78,29.08,31.34
29.2033,77.0278,764.9,33178.0,56072.0,187.78,32.94,32.72
29.1865,77.1092,764.9,33178.0,56072.0,187.78,13.16,13.6
29.2629,76.9256,764.9,33178.0,56072.0,187.78,19.29,19.85
28.2203,76.3556,764.9,42700.0,35079.0,91.28,63.06,64.3
28.2372,76.5083,764.9,42700.0,35079.0,91.28,11.41,13.0
28.151,76.3886,764.9,42700.0,35079.0,91.28,65.75,66.75
28.1595,76.3718,764.9,42700.0,35079.0,91.28,76.7,77.1
28.1922,76.5319,764.9,42700.0,35079.0,91.28,22.5,22.72
28.1806,76.5115,764.9,42700.0,35079.0,91.28,53.1,53.9
28.1951,76.4004,764.9,42700.0,35079.0,91.28,61.85,62.15
28.1598,76.415,764.9,42700.0,35079.0,91.28,43.7,43.85
29.4236,77.05,764.9,42700.0,35079.0,91.28,50.4,50.65
28.1981,76.5142,764.9,42700.0,35079.0,91.28,23.95,24.15
29.5454,74.9331,764.9,72470.78,128883.0,197.6,29.8,29.4
29.6783,74.8537,764.9,72470.78,128883.0,197.6,10.81,10.96
29.4486,74.6578,764.9,72470.78,128883.0,197.6,21.59,23.39
29.4307,74.6107,764.9,72470.78,128883.0,197.6,10.77,10.95
29.5034,74.7054,764.9,72470.78,128883.0,197.6,32.78,35.28
29.4537,74.5762,764.9,72470.78,128883.0,197.6,7.84,8.97
29.4236,74.7708,764.9,72470.78,128883.0,197.6,11.45,10.93
29.417,74.7795,764.9,72470.78,128883.0,197.6,8.9,9.35
29.4831,74.7147,764.9,72470.78,128883.0,197.6,38.01,39.63
29.5658,74.6773,764.9,72470.78,128883.0,197.6,43.2,43.21
29.5242,74.7371,764.9,72470.78,128883.0,197.6,41.5,43.0
29.5422,74.7417,764.9,72470.78,128883.0,197.6,43.6,44.84
29.4554,74.8193,764.9,72470.78,128883.0,197.6,28.96,32.01
29.4952,74.6338,764.9,72470.78,128883.0,197.6,30.48,32.01
29.5139,74.6669,764.9,72470.78,128883.0,197.6,30.48,32.01
29.4363,74.5714,764.9,72470.78,128883.0,197.6,8.0,8.3
29.4762,74.7678,764.9,72470.78,128883.0,197.6,32.01,34.14
29.5372,74.6791,764.9,72470.78,128883.0,197.6,41.29,43.5
29.3445,74.6318,764.9,72470.78,128883.0,197.6,10.3,10.8
29.3389,74.63,764.9,72470.78,128883.0,197.6,9.34,7.58
29.5635,74.6307,764.9,72470.78,128883.0,197.6,41.75,43.57
29.4469,74.8597,764.9,72470.78,128883.0,197.6,29.95,33.08
29.3985,74.689,764.9,72470.78,128883.0,197.6,10.35,10.49
29.4044,74.6247,764.9,72470.78,128883.0,197.6,12.19,13.71
29.4522,74.841,764.9,72470.78,128883.0,197.6,30.48,33.53
29.4621,74.7078,764.9,72470.78,128883.0,197.6,38.1,38.01
29.4171,74.809,764.9,72470.78,128883.0,197.6,10.29,18.29
29.5158,74.6839,764.9,72470.78,128883.0,197.6,28.96,30.48
29.4107,74.7044,764.9,72470.78,128883.0,197.6,12.19,12.19
29.4694,74.7401,764.9,72470.78,128883.0,197.6,29.37,31.31
29.4156,74.5964,764.9,72470.78,128883.0,197.6,14.1,8.75
29.4852,74.7476,764.9,72470.78,128883.0,197.6,30.48,33.53
29.4187,74.7415,764.9,72470.78,128883.0,197.6,19.81,21.34
29.4768,74.757,764.9,72470.78,128883.0,197.6,32.01,33.53
29.4218,74.8348,764.9,72470.78,128883.0,197.6,18.29,18.29
29.5927,74.6809,764.9,72470.78,128883.0,197.6,38.1,39.63
29.5564,74.7779,764.9,72470.78,128883.0,197.6,30.48,33.53
29.5387,74.7671,764.9,72470.78,128883.0,197.6,39.63,39.63
29.6626,74.7896,764.9,72470.78,128883.0,197.6,16.5,16.65
29.4927,74.8911,764.9,72470.78,128883.0,197.6,31.11,32.63
29.5258,74.9163,764.9,72470.78,128883.0,197.6,33.53,33.53
29.644,74.7889,764.9,72470.78,128883.0,197.6,15.26,15.2
29.6198,74.7609,764.9,72470.78,128883.0,197.6,15.0,14.44
29.5112,74.752,764.9,72470.78,128883.0,197.6,40.24,41.15
29.5608,74.6964,764.9,72470.78,128883.0,197.6,39.63,44.2
29.6214,74.9065,764.9,72470.78,128883.0,197.6,11.32,11.47
29.658,74.7123,764.9,72470.78,128883.0,197.6,18.25,18.28
29.6218,74.8586,764.9,72470.78,128883.0,197.6,11.9,12.12
29.6074,74.7848,764.9,72470.78,128883.0,197.6,38.1,39.63
29.6772,74.6625,764.9,72470.78,128883.0,197.6,19.44,19.34
29.4657,74.8857,764.9,72470.78,128883.0,197.6,36.58,36.58
29.5609,74.848,764.9,72470.78,128883.0,197.6,32.01,33.53
29.6308,74.635,764.9,72470.78,128883.0,197.6,32.01,33.53
29.6138,74.7169,764.9,72470.78,128883.0,197.6,15.2,15.2
29.6374,74.9066,764.9,72470.78,128883.0,197.6,17.28,17.28
29.599,74.6185,764.9,72470.78,128883.0,197.6,27.0,29.09
29.5281,74.8381,764.9,72470.78,128883.0,197.6,42.53,45.43
30.1017,77.2792,764.9,53423.0,75492.0,157.01,5.4,5.6
30.0848,77.2196,764.9,53423.0,75492.0,157.01,13.25,12.45
30.0678,77.1917,764.9,53423.0,75492.0,157.01,15.52,14.68
30.1635,77.2915,764.9,53423.0,75492.0,157.01,17.63,17.13
30.187,77.2488,764.9,53423.0,75492.0,157.01,20.87,20.27
30.1034,77.3583,764.9,53423.0,75492.0,157.01,6.64,6.14
30.2039,77.2532,764.9,53423.0,75492.0,157.01,10.57,9.52
30.0763,77.2354,764.9,53423.0,75492.0,157.01,13.4,12.9
30.0689,77.2713,764.9,53423.0,75492.0,157.01,5.38,5.09
30.0689,77.2713,764.9,53423.0,75492.0,157.01,6.24,5.98
30.1912,77.2943,764.9,53423.0,75492.0,157.01,18.56,18.4
30.1431,77.2312,764.9,53423.0,75492.0,157.01,20.25,19.75
30.1108,77.1215,764.9,53423.0,75492.0,157.01,28.25,27.45
30.1421,77.3165,764.9,53423.0,75492.0,157.01,19.08,18.58
30.0648,77.1339,764.9,53423.0,75492.0,157.01,24.15,24.5
30.0418,77.2478,764.9,53423.0,75492.0,157.01,7.11,6.1
29.9926,77.1944,764.9,53423.0,75492.0,157.01,5.17,5.35
30.0162,77.2229,764.9,53423.0,75492.0,157.01,5.61,5.7
29.983,77.1398,764.9,53423.0,75492.0,157.01,6.5,5.81
30.1135,77.1084,764.9,53423.0,75492.0,157.01,30.4,30.6
30.0687,77.1122,764.9,53423.0,75492.0,157.01,27.57,28.0
30.0332,77.1518,764.9,53423.0,75492.0,157.01,16.59,16.69
30.0169,77.15,764.9,53423.0,75492.0,157.01,14.48,14.68
30.4275,77.2165,764.9,53423.0,75492.0,157.01,18.2,17.7
30.4001,77.2357,764.9,53423.0,75492.0,157.01,7.7,7.2
30.4311,77.2867,764.9,53423.0,75492.0,157.01,8.92,8.32
30.4525,77.2255,764.9,53423.0,75492.0,157.01,6.37,5.6
30.3558,77.2458,764.9,53423.0,75492.0,157.01,6.0,5.28
30.4122,77.2559,764.9,53423.0,75492.0,157.01,7.42,7.12
30.3482,77.1914,764.9,53423.0,75492.0,157.01,9.07,8.88
30.3822,77.2257,764.9,53423.0,75492.0,157.01,7.47,7.28
30.3856,77.2211,764.9,53423.0,75492.0,157.01,6.77,5.9
30.24,77.2451,764.9,53423.0,75492.0,157.01,18.0,16.6
30.2437,77.2355,764.9,53423.0,75492.0,157.01,8.47,7.4
30.1873,77.2109,764.9,53423.0,75492.0,157.01,17.25,18.06
30.1873,77.2109,764.9,53423.0,75492.0,157.01,23.42,18.02
30.2241,77.1154,764.9,53423.0,75492.0,157.01,17.67,17.37
30.1987,77.2018,764.9,53423.0,75492.0,157.01,28.4,27.9
30.2089,77.2036,764.9,53423.0,75492.0,157.01,15.5,15.0
30.2069,77.2026,764.9,53423.0,75492.0,157.01,8.12,7.16
30.1951,77.1273,764.9,53423.0,75492.0,157.01,8.12,7.16
30.1992,77.1422,764.9,53423.0,75492.0,157.01,7.35,7.15
30.1992,77.1422,764.9,53423.0,75492.0,157.01,12.4,12.3
30.2033,77.15,764.9,53423.0,75492.0,157.01,12.4,12.35
30.2371,77.1975,764.9,53423.0,75492.0,157.01,9.77,9.35
30.1399,77.2009,764.9,53423.0,75492.0,157.01,23.27,23.35
16.8169,75.0941,764.9,92994.83,65303.5,76.11,8.25,5.55
16.8441,75.0075,764.9,92994.83,65303.5,76.11,28.75,7.85
16.7455,74.9011,764.9,92994.83,65303.5,76.11,4.95,5.6
16.88391,75.11863,764.9,92994.83,65303.5,76.11,13.1,12.55
16.7402,74.9861,764.9,92994.83,65303.5,76.11,9.0,7.0
16.79141,75.34001,764.9,92994.83,65303.5,76.11,6.6,5.95
16.79195,75.21084,764.9,92994.83,65303.5,76.11,7.15,2.3
16.9177,75.0752,764.9,92994.83,65303.5,76.11,4.95,4.4
16.7233,75.0575,764.9,92994.83,65303.5,76.11,6.25,4.0
16.73722,75.14919,764.9,92994.83,65303.5,76.11,3.95,1.6
16.6889,75.21833,764.9,92994.83,65303.5,76.11,7.35,4.4
16.63669,75.07973,764.9,92994.83,65303.5,76.11,10.15,5.6
16.7175,74.7533,764.9,92994.83,65303.5,76.11,18.35,15.55
16.6183,74.7105,764.9,92994.83,65303.5,76.11,3.85,2.85
16.0772,75.3691,764.9,92994.83,65303.5,76.11,48.9,42.7
15.93558,75.31594,764.9,92994.83,65303.5,76.11,7.4,7.15
15.9325,75.3609,764.9,92994.83,65303.5,76.11,4.4,3.4
15.9633,75.2494,764.9,92994.83,65303.5,76.11,5.0,4.45
15.9836,75.1361,764.9,92994.83,65303.5,76.11,7.45,5.35
15.8936,75.3939,764.9,92994.83,65303.5,76.11,15.0,18.8
16.1658,75.2655,764.9,92994.83,65303.5,76.11,13.05,8.75
15.9479,75.3034,764.9,92994.83,65303.5,76.11,9.05,9.0
13.2991,77.7011,764.9,21512.75,24556.48,123.27,6.16,2.05
13.2527,77.8013,764.9,21512.75,24556.48,123.27,51.68,46.19
13.2994,77.6483,764.9,21512.75,24556.48,123.27,20.47,13.69
13.2458,77.7283,764.9,21512.75,24556.48,123.27,42.29,39.5
13.25,77.725,764.9,21512.75,24556.48,123.27,23.9,24.06
13.295,77.7972,764.9,21512.75,24556.48,123.27,46.26,42.21
13.3555,77.3708,764.9,21512.75,24556.48,123.27,14.8,8.67
13.1875,77.4708,764.9,21512.75,24556.48,123.27,41.8,38.55
13.2905,77.4408,764.9,21512.75,24556.48,123.27,30.31,21.59
13.2794,77.3797,764.9,21512.75,24556.48,123.27,43.74,32.94
13.2027,77.4361,764.9,21512.75,24556.48,123.27,48.57,36.8
13.3083,77.5417,764.9,21512.75,24556.48,123.27,19.3,21.46
13.2761,77.5541,764.9,21512.75,24556.48,123.27,58.98,55.7
13.3633,77.6255,764.9,21512.75,24556.48,123.27,20.85,18.13
13.3261,77.595,764.9,21512.75,24556.48,123.27,26.29,20.12
13.1066,77.8677,764.9,21512.75,24556.48,123.27,91.04,87.1
13.221,77.916,764.9,21512.75,24556.48,123.27,57.46,52.77
13.09,77.78139,764.9,21512.75,24556.48,123.27,34.56,25.22
13.075,77.775,764.9,21512.75,24556.48,123.27,29.49,29.86
13.14,77.34833,764.9,21512.75,24556.48,123.27,22.94,16.01
13.2725,77.245,764.9,21512.75,24556.48,123.27,23.89,17.93
13.1681,77.225,764.9,21512.75,24556.48,123.27,3.64,2.19
13.057,77.334,764.9,21512.75,24556.48,123.27,11.2,5.36
13.0625,77.3458,764.9,21512.75,24556.48,123.27,69.3,12.93
13.0947,77.4025,764.9,21512.75,24556.48,123.27,58.35,48.99
13.218,77.30302,764.9,21512.75,24556.48,123.27,25.49,15.75
13.6141,76.2388,764.9,70052.19,29015.84,50.54,9.35,7.55
13.5951,75.9742,764.9,70052.19,29015.84,50.54,34.5,29.8
13.6214,76.0425,764.9,70052.19,29015.84,50.54,31.4,16.7
13.489,76.0888,764.9,70052.19,29015.84,50.54,32.55,25.45
13.4356,75.9188,764.9,70052.19,29015.84,50.54,9.45,13.95
13.5102,75.9662,764.9,70052.19,29015.84,50.54,16.1,14.5
13.5138,76.1766,764.9,70052.19,29015.84,50.54,5.65,1.65
13.5717,76.109,764.9,70052.19,29015.84,50.54,11.2,8.1
13.7353,76.1195,764.9,70052.19,29015.84,50.54,8.35,3.15
13.5583,76.0167,764.9,70052.19,29015.84,50.54,17.93,14.08
13.5566,76.0133,764.9,70052.19,29015.84,50.54,5.0,4.1
14.3676,76.6542,764.9,48838.51,52167.07,115.03,19.63,16.8
14.2791,76.797,764.9,48838.51,52167.07,115.03,16.1,5.4
14.1847,76.8806,764.9,48838.51,52167.07,115.03,9.02,5.1
14.2975,76.7079,764.9,48838.51,52167.07,115.03,21.8,17.22
14.3871,76.8398,764.9,48838.51,52167.07,115.03,13.96,9.33
14.4485,76.6604,764.9,48838.51,52167.07,115.03,17.22,16.84
14.4459,76.8238,764.9,48838.51,52167.07,115.03,21.11,18.81
14.2359,76.6609,764.9,48838.51,52167.07,115.03,14.25,12.32
14.1664,76.6935,764.9,48838.51,52167.07,115.03,16.25,7.24
14.1833,76.675,764.9,48838.51,52167.07,115.03,28.37,18.87
14.4667,76.5472,764.9,48838.51,52167.07,115.03,20.56,16.75
14.3108,76.4543,764.9,48838.51,52167.07,115.03,18.45,16.56
14.3664,76.1943,764.9,48838.51,52167.07,115.03,25.8,23.3
14.3771,76.3715,764.9,48838.51,52167.07,115.03,28.25,25.31
14.2456,76.5104,764.9,48838.51,52167.07,115.03,9.19,7.96
14.1542,76.3333,764.9,48838.51,52167.07,115.03,27.02,18.68
14.2169,76.2846,764.9,48838.51,52167.07,115.03,16.7,10.11
14.4356,76.1787,764.9,48838.51,52167.07,115.03,29.42,25.54
14.373,76.511,764.9,48838.51,52167.07,115.03,14.2,11.25
14.2928,76.281,764.9,48838.51,52167.07,115.03,17.54,17.3
14.2257,76.4394,764.9,48838.51,52167.07,115.03,2.8,3.18
13.8678,76.6922,764.9,48838.51,52167.07,115.03,12.06,2.92
14.0575,76.8126,764.9,48838.51,52167.07,115.03,27.88,21.3
14.0653,76.4532,764.9,48838.51,52167.07,115.03,17.56,10.55
14.134,76.5264,764.9,48838.51,52167.07,115.03,11.95,10.88
13.7877,76.5655,764.9,48838.51,52167.07,115.03,19.0,23.85
14.0192,76.6365,764.9,48838.51,52167.07,115.03,6.77,4.3
13.9592,76.6131,764.9,48838.51,52167.07,115.03,4.37,1.3
14.124,76.6535,764.9,48838.51,52167.07,115.03,5.34,1.49
14.1377,76.2449,764.9,48838.51,52167.07,115.03,16.08,12.94
14.0969,76.2743,764.9,48838.51,52167.07,115.03,42.5,28.65
14.0314,76.3278,764.9,48838.51,52167.07,115.03,6.1,3.49
14.0368,76.1382,764.9,48838.51,52167.07,115.03,3.75,1.48
14.0366,76.1379,764.9,48838.51,52167.07,115.03,3.06,1.46
14.0367,76.1383,764.9,48838.51,52167.07,115.03,3.75,1.38
14.04,76.173,764.9,48838.51,52167.07,115.03,7.2,3.3
14.2194,76.1167,764.9,48838.51,52167.07,115.03,9.02,9.37
14.2103,76.1076,764.9,48838.51,52167.07,115.03,10.35,9.03
13.6296,76.289,764.9,48838.51,52167.07,115.03,8.05,8.2
13.7046,76.5248,764.9,48838.51,52167.07,115.03,7.95,3.83
13.7887,76.4687,764.9,48838.51,52167.07,115.03,8.44,2.1
13.6064,76.4361,764.9,48838.51,52167.07,115.03,10.33,6.63
13.7614,76.3871,764.9,48838.51,52167.07,115.03,17.78,5.05
13.8909,76.4271,764.9,48838.51,52167.07,115.03,5.22,1.18
13.8872,76.3856,764.9,48838.51,52167.07,115.03,8.6,2.45
14.025,76.019,764.9,71476.39,61424.33,92.98,13.4,9.1
13.9613,75.8547,764.9,71476.39,61424.33,92.98,28.1,22.75
14.198,75.811,764.9,71476.39,61424.33,92.98,2.1,0.3
14.02,75.93,764.9,71476.39,61424.33,92.98,6.15,3.1
14.0202,75.93,764.9,71476.39,61424.33,92.98,29.8,22.35
14.104,75.969,764.9,71476.39,61424.33,92.98,6.3,2.2
14.104,75.954,764.9,71476.39,61424.33,92.98,5.6,1.5
14.306,75.8519,764.9,71476.39,61424.33,92.98,1.6,0.45
14.112,75.882,764.9,71476.39,61424.33,92.98,2.15,0.35
14.168,76.0025,764.9,71476.39,61424.33,92.98,10.85,4.3
14.168,76.003,764.9,71476.39,61424.33,92.98,4.55,1.15
13.854,75.9625,764.9,71476.39,61424.33,92.98,2.65,0.25
13.8538,75.9625,764.9,71476.39,61424.33,92.98,4.15,0.8
14.4333,76.3,764.9,71476.39,61424.33,92.98,28.13,20.3
14.4936,76.1561,764.9,71476.39,61424.33,92.98,23.25,18.8
14.6041,76.1625,764.9,71476.39,61424.33,92.98,20.2,14.25
14.4916,76.2541,764.9,71476.39,61424.33,92.98,17.2,12.6
14.5208,76.4458,764.9,71476.39,61424.33,92.98,29.95,24.75
14.52083,76.44583,764.9,71476.39,61424.33,92.98,29.0,24.35
14.6355,76.3416,764.9,71476.39,61424.33,92.98,25.8,21.85
14.56304,76.19917,764.9,71476.39,61424.33,92.98,21.4,14.8
14.519,76.34,764.9,71476.39,61424.33,92.98,18.5,14.95
15.42176,75.62394,764.9,28165.35,23860.85,90.4,19.5,20.58
15.27472,75.59944,764.9,28165.35,23860.85,90.4,9.15,9.7
15.39278,75.71611,764.9,28165.35,23860.85,90.4,18.1,20.85
15.42444,75.54417,764.9,28165.35,23860.85,90.4,3.4,4.0
15.675,75.6333,764.9,28165.35,23860.85,90.4,34.75,28.0
15.79972,75.85611,764.9,28165.35,23860.85,90.4,25.65,31.6
15.6583,75.8583,764.9,28165.35,23860.85,90.4,18.95,13.95
15.6208,75.6791,764.9,28165.35,23860.85,90.4,5.78,6.17
15.73083,75.86361,764.9,28165.35,23860.85,90.4,18.95,19.0
15.6666,75.5666,764.9,28165.35,23860.85,90.4,7.3,7.65
15.6708,75.5778,764.9,28165.35,23860.85,90.4,18.06,19.05
15.73222,75.96444,764.9,28165.35,23860.85,90.4,23.65,24.3
13.3755,76.1286,764.9,80267.82,45232.23,63.38,38.3,38.5
13.1488,76.2286,764.9,80267.82,45232.23,63.38,9.25,10.5
13.3608,76.2141,764.9,80267.82,45232.23,63.38,33.9,39.15
13.46,76.3527,764.9,80267.82,45232.23,63.38,43.34,43.2
13.3447,76.325,764.9,80267.82,45232.23,63.38,22.16,24.75
13.2472,76.2263,764.9,80267.82,45232.23,63.38,33.1,31.58
13.3116,76.2575,764.9,80267.82,45232.23,63.38,49.15,50.85
13.4811,76.2627,764.9,80267.82,45232.23,63.38,26.3,28.9
13.4375,76.1936,764.9,80267.82,45232.23,63.38,18.3,15.85
12.856,78.17,764.9,41648.09,83540.8,211.29,43.5,48.0
12.906,78.13,764.9,41648.09,83540.8,211.29,26.4,32.6
12.947,78.226,764.9,41648.09,83540.8,211.29,71.4,77.4
12.994,78.275,764.9,41648.09,83540.8,211.29,38.0,41.7
12.892,78.29,764.9,41648.09,83540.8,211.29,54.9,59.9
12.878,78.2,764.9,41648.09,83540.8,211.29,44.8,48.3
12.955,78.346,764.9,41648.09,83540.8,211.29,67.8,72.0
12.977,78.391,764.9,41648.09,83540.8,211.29,22.3,27.0
13.037,78.294,764.9,41648.09,83540.8,211.29,34.1,39.0
12.988,78.184,764.9,41648.09,83540.8,211.29,62.0,65.2
13.0722,78.2094,764.9,41648.09,83540.8,211.29,37.2,42.6
13.247,78.212,764.9,41648.09,83540.8,211.29,74.3,79.9
13.1316,78.2544,764.9,41648.09,83540.8,211.29,42.1,45.6
13.291,78.085,764.9,41648.09,83540.8,211.29,41.0,46.8
13.2286,78.1661,764.9,41648.09,83540.8,211.29,62.3,69.0
13.14,78.003,764.9,41648.09,83540.8,211.29,9.0,8.8
13.0995,78.25541,764.9,41648.09,83540.8,211.29,99.1,103.3
13.209,78.101,764.9,41648.09,83540.8,211.29,48.2,50.0
13.2,78.1466,764.9,41648.09,83540.8,211.29,77.4,81.0
13.0722,78.04,764.9,41648.09,83540.8,211.29,98.0,100.2
13.12827,78.13341,764.9,41648.09,83540.8,211.29,24.2,26.5
13.22083,77.9725,764.9,41648.09,83540.8,211.29,39.9,42.6
13.0027,78.0125,764.9,41648.09,83540.8,211.29,106.0,110.4
12.8566,77.9411,764.9,41648.09,83540.8,211.29,33.7,37.5
12.8705,78.06,764.9,41648.09,83540.8,211.29,55.4,53.5
13.0486,77.9911,764.9,41648.09,83540.8,211.29,85.1,88.8
12.9147,77.904,764.9,41648.09,83540.8,211.29,116.0,119.7
12.98944,78.07125,764.9,41648.09,83540.8,211.29,32.6,35.2
12.949,77.952,764.9,41648.09,83540.8,211.29,35.6,39.1
12.917,77.89,764.9,41648.09,83540.8,211.29,68.0,73.6
12.9274,78.0943,764.9,41648.09,83540.8,211.29,34.4,35.0
13.0977,77.913,764.9,41648.09,83540.8,211.29,100.0,105.8
12.9875,77.9375,764.9,41648.09,83540.8,211.29,115.8,118.8
13.107,78.33,764.9,41648.09,83540.8,211.29,38.1,41.5
13.151,78.458,764.9,41648.09,83540.8,211.29,59.2,63.1
13.069,78.363,764.9,41648.09,83540.8,211.29,24.9,27.6
13.239,78.49,764.9,41648.09,83540.8,211.29,64.0,70.5
13.274,78.459,764.9,41648.09,83540.8,211.29,20.4,22.0
13.299,78.41,764.9,41648.09,83540.8,211.29,32.8,36.0
13.098,78.466,764.9,41648.09,83540.8,211.29,37.1,40.2
13.056,78.401,764.9,41648.09,83540.8,211.29,27.1,30.8
13.228,78.315,764.9,41648.09,83540.8,211.29,26.0,27.2
13.067,78.493,764.9,41648.09,83540.8,211.29,19.4,22.0
13.1667,78.4014,764.9,41648.09,83540.8,211.29,37.9,44.1
13.52101,78.2801,764.9,41648.09,83540.8,211.29,38.0,43.0
13.38,78.16,764.9,41648.09,83540.8,211.29,59.0,64.0
13.458,78.218,764.9,41648.09,83540.8,211.29,18.8,17.0
13.484,78.30546,764.9,41648.09,83540.8,211.29,58.5,63.4
13.43,78.36,764.9,41648.09,83540.8,211.29,66.1,71.8
13.53,78.34,764.9,41648.09,83540.8,211.29,17.2,18.4
13.3938,78.248,764.9,41648.09,83540.8,211.29,70.2,74.9
13.37009,78.34468,764.9,41648.09,83540.8,211.29,69.5,74.5
13.2805,78.2916,764.9,41648.09,83540.8,211.29,46.0,50.2
13.533,78.308,764.9,41648.09,83540.8,211.29,68.4,72.0
13.345,78.219,764.9,41648.09,83540.8,211.29,72.3,72.3
12.484,77.3687,764.9,31115.08,28668.09,96.56,27.3,29.87
12.61042,77.52828,764.9,31115.08,28668.09,96.56,51.78,53.01
12.43041,77.54204,764.9,31115.08,28668.09,96.56,12.66,12.52
12.41574,77.55259,764.9,31115.08,28668.09,96.56,36.95,37.41
12.50241,77.30463,764.9,31115.08,28668.09,96.56,49.8,53.75
12.43385,77.4936,764.9,31115.08,28668.09,96.56,35.02,43.67
12.40139,77.3877,764.9,31115.08,28668.09,96.56,7.2,6.93
12.68088,77.46924,764.9,31115.08,28668.09,96.56,6.6,6.5
12.6833,77.4667,764.9,31115.08,28668.09,96.56,16.18,13.78
12.54613,77.41928,764.9,31115.08,28668.09,96.56,20.0,19.42
12.5583,77.425,764.9,31115.08,28668.09,96.56,4.37,2.64
12.39009,77.44594,764.9,31115.08,28668.09,96.56,5.5,5.54
12.79086,77.22208,764.9,31115.08,28668.09,96.56,48.0,48.62
12.8167,77.2208,764.9,31115.08,28668.09,96.56,21.82,14.36
12.66852,77.32706,764.9,31115.08,28668.09,96.56,6.92,6.63
12.85318,77.29966,764.9,31115.08,28668.09,96.56,47.81,47.36
12.8,77.4375,764.9,31115.08,28668.09,96.56,21.89,8.62
12.7269,77.28574,764.9,31115.08,28668.09,96.56,66.5,66.82
13.5412,76.5653,764.9,76305.69,64847.59,90.66,10.3,11.3
13.6151,76.6006,764.9,76305.69,64847.59,90.66,12.25,14.75
13.6173,76.6741,764.9,76305.69,64847.59,90.66,12.23,12.35
13.5387,76.6278,764.9,76305.69,64847.59,90.66,13.07,14.75
13.4611,76.4833,764.9,76305.69,64847.59,90.66,23.6,26.1
13.4745,76.6051,764.9,76305.69,64847.59,90.66,38.55,40.55
13.5337,77.3497,764.9,76305.69,64847.59,90.66,18.75,13.75
13.431,77.2381,764.9,76305.69,64847.59,90.66,37.2,27.2
13.3937,77.304,764.9,76305.69,64847.59,90.66,24.6,23.6
13.5668,77.2383,764.9,76305.69,64847.59,90.66,9.7,9.3
13.5276,77.2413,764.9,76305.69,64847.59,90.66,5.7,6.0
13.521,77.234,764.9,76305.69,64847.59,90.66,2.8,2.2
13.7827,77.2945,764.9,76305.69,64847.59,90.66,42.83,33.58
13.7641,77.1974,764.9,76305.69,64847.59,90.66,11.1,8.25
13.7973,77.42273,764.9,76305.69,64847.59,90.66,54.7,44.48
13.64,77.2104,764.9,76305.69,64847.59,90.66,8.3,4.2
13.6494,76.743,764.9,76305.69,64847.59,90.66,16.95,14.9
14.0082,76.94425,764.9,76305.69,64847.59,90.66,20.0,16.95
13.85156,76.84231,764.9,76305.69,64847.59,90.66,24.2,22.2
13.68216,76.8001,764.9,76305.69,64847.59,90.66,12.86,12.85
13.6996,76.7481,764.9,76305.69,64847.59,90.66,11.8,10.75
13.7252,76.9675,764.9,76305.69,64847.59,90.66,17.15,14.5
13.82107,76.91411,764.9,76305.69,64847.59,90.66,18.45,17.25
13.56291,76.97511,764.9,76305.69,64847.59,90.66,16.65,13.13
13.7972,76.80299,764.9,76305.69,64847.59,90.66,18.55,15.0
13.36117,76.415,764.9,76305.69,64847.59,90.66,14.9,15.45
13.30864,76.6453,764.9,76305.69,64847.59,90.66,39.3,33.35
13.3083,76.6583,764.9,76305.69,64847.59,90.66,40.1,37.4
13.37117,76.47893,764.9,76305.69,64847.59,90.66,16.47,13.57
13.31065,76.70782,764.9,76305.69,64847.59,90.66,48.95,41.6
13.17696,76.49039,764.9,76305.69,64847.59,90.66,9.55,7.35
13.2805,76.53565,764.9,76305.69,64847.59,90.66,23.55,17.8
13.25992,76.46644,764.9,76305.69,64847.59,90.66,37.77,35.35
13.16484,76.55789,764.9,76305.69,64847.59,90.66,10.3,9.35
13.2583,76.4792,764.9,76305.69,64847.59,90.66,27.9,24.1
13.38019,77.04999,764.9,76305.69,64847.59,90.66,23.25,11.75
13.4083,77.025,764.9,76305.69,64847.59,90.66,24.4,20.45
13.45064,77.11725,764.9,76305.69,64847.59,90.66,17.77,15.0
13.28183,77.18647,764.9,76305.69,64847.59,90.66,16.33,9.6
13.25377,77.11408,764.9,76305.69,64847.59,90.66,79.9,67.25
13.21656,77.05653,764.9,76305.69,64847.59,90.66,12.96,9.64
13.5081,77.00747,764.9,76305.69,64847.59,90.66,24.55,19.1
13.21933,76.99764,764.9,76305.69,64847.59,90.66,12.53,8.4
13.37841,77.11309,764.9,76305.69,64847.59,90.66,39.3,30.1
13.3291,77.0972,764.9,76305.69,64847.59,90.66,11.1,8.1
24.90929,79.59701,764.9,103464.06,60773.92,61.7,14.0,11.5
24.85268,79.65837,764.9,103464.06,60773.92,61.7,13.7,12.1
24.83255,79.50194,764.9,103464.06,60773.92,61.7,5.45,4.8
24.90784,79.51997,764.9,103464.06,60773.92,61.7,12.8,11.9
24.847,79.59082,764.9,103464.06,60773.92,61.7,11.0,9.45
24.96402,79.60889,764.9,103464.06,60773.92,61.7,12.2,10.5
24.86259,79.3879,764.9,103464.06,60773.92,61.7,9.63,6.4
24.92472,79.69611,764.9,103464.06,60773.92,61.7,9.05,7.6
24.79052,79.45908,764.9,103464.06,60773.92,61.7,9.95,9.1
24.7978,79.4772,764.9,103464.06,60773.92,61.7,10.46,10.53
24.8497,79.6311,764.9,103464.06,60773.92,61.7,5.41,6.7
24.98758,79.65641,764.9,103464.06,60773.92,61.7,11.4,5.8
24.9964,79.6514,764.9,103464.06,60773.92,61.7,5.85,4.7
24.8833,79.47301,764.9,103464.06,60773.92,61.7,8.15,7.1
24.83404,79.60374,764.9,103464.06,60773.92,61.7,8.7,6.0
24.85614,79.4876,764.9,103464.06,60773.92,61.7,9.3,6.8
24.85,79.48083,764.9,103464.06,60773.92,61.7,9.37,9.97
24.79459,79.41935,764.9,103464.06,60773.92,61.7,5.64,3.01
25.04724,79.44561,764.9,103464.06,60773.92,61.7,10.58,9.2
24.99442,79.721,764.9,103464.06,60773.92,61.7,11.05,10.3
25.05087,79.69692,764.9,103464.06,60773.92,61.7,10.73,8.6
25.021,79.726,764.9,103464.06,60773.92,61.7,13.82,9.52
25.054,79.45,764.9,103464.06,60773.92,61.7,10.28,10.53
25.17433,79.33919,764.9,103464.06,60773.92,61.7,9.5,8.5
25.07444,79.45944,764.9,103464.06,60773.92,61.7,8.25,7.95
25.1,79.40278,764.9,103464.06,60773.92,61.7,8.5,6.62
25.1246,79.5642,764.9,103464.06,60773.92,61.7,11.5,9.2
25.2261,79.3458,764.9,103464.06,60773.92,61.7,10.34,7.62
25.09776,79.67854,764.9,103464.06,60773.92,61.7,12.1,10.3
25.088,79.7013,764.9,103464.06,60773.92,61.7,11.15,9.3
25.28361,79.33472,764.9,103464.06,60773.92,61.7,15.25,14.35
25.06727,79.56464,764.9,103464.06,60773.92,61.7,11.8,11.7
25.02592,79.79197,764.9,103464.06,60773.92,61.7,8.75,7.6
25.0267,79.7989,764.9,103464.06,60773.92,61.7,12.4,7.76
25.01798,79.48086,764.9,103464.06,60773.92,61.7,10.1,8.5
25.115,79.388,764.9,103464.06,60773.92,61.7,10.14,10.08
25.09361,79.9025,764.9,103464.06,60773.92,61.7,8.7,6.85
25.04167,79.85889,764.9,103464.06,60773.92,61.7,12.7,11.35
25.04472,79.86528,764.9,103464.06,60773.92,61.7,17.95,4.71
24.88412,79.91147,764.9,103464.06,60773.92,61.7,6.2,3.85
24.84656,79.94176,764.9,103464.06,60773.92,61.7,5.25,4.65
24.84656,79.94176,764.9,103464.06,60773.92,61.7,3.7,3.15
24.8497,79.9311,764.9,103464.06,60773.92,61.7,6.84,7.2
24.8497,79.9311,764.9,103464.06,60773.92,61.7,7.41,6.23
24.77927,79.96327,764.9,103464.06,60773.92,61.7,7.55,5.73
24.75,79.9589,764.9,103464.06,60773.92,61.7,9.3,8.61
24.75,79.959,764.9,103464.06,60773.92,61.7,8.16,5.31
24.97269,79.90896,764.9,103464.06,60773.92,61.7,8.4,6.15
24.74066,79.99478,764.9,103464.06,60773.92,61.7,5.8,4.45
25.05171,79.91387,764.9,103464.06,60773.92,61.7,6.6,6.3
24.79427,79.779,764.9,103464.06,60773.92,61.7,10.75,7.63
24.792,79.795,764.9,103464.06,60773.92,61.7,11.31,8.18
24.792,79.795,764.9,103464.06,60773.92,61.7,11.83,8.81
24.792,79.795,764.9,103464.06,60773.92,61.7,11.06,7.74
24.8681,79.72,764.9,103464.06,60773.92,61.7,8.09,4.0
24.92722,79.92187,764.9,103464.06,60773.92,61.7,8.9,6.7
24.77161,79.82627,764.9,103464.06,60773.92,61.7,10.7,10.1
25.01874,79.89909,764.9,103464.06,60773.92,61.7,11.7,8.9
24.81346,79.83302,764.9,103464.06,60773.92,61.7,10.55,8.42
24.862,79.835,764.9,103464.06,60773.92,61.7,10.48,7.03
24.77317,79.91,764.9,103464.06,60773.92,61.7,4.53,2.75
24.74585,79.94843,764.9,103464.06,60773.92,61.7,8.85,5.78
24.79995,79.92986,764.9,103464.06,60773.92,61.7,6.85,6.75
23.89419,79.19993,764.9,40880.96,22279.32,58.2,7.9,7.32
23.895,79.196,764.9,40880.96,22279.32,58.2,15.0,10.12
23.89444,79.19583,764.9,40880.96,22279.32,58.2,23.65,18.08
23.92707,79.32152,764.9,40880.96,22279.32,58.2,9.5,6.9
23.86733,79.19413,764.9,40880.96,22279.32,58.2,12.0,11.61
23.79911,79.32247,764.9,40880.96,22279.32,58.2,9.55,8.69
23.99464,79.44682,764.9,40880.96,22279.32,58.2,7.8,7.1
23.9996,79.30337,764.9,40880.96,22279.32,58.2,7.5,7.34
23.95024,79.11259,764.9,40880.96,22279.32,58.2,6.85,5.83
23.76708,79.26036,764.9,40880.96,22279.32,58.2,4.9,4.9
23.96205,79.39274,764.9,40880.96,22279.32,58.2,6.8,3.3
23.97635,79.17988,764.9,40880.96,22279.32,58.2,13.2,11.67
24.89999,80.24532,764.9,47626.86,16410.86,36.5,7.4,7.0
24.91115,80.26605,764.9,47626.86,16410.86,36.5,8.9,7.17
24.99,80.267,764.9,47626.86,16410.86,36.5,8.31,8.48
24.8536,80.1786,764.9,47626.86,16410.86,36.5,7.03,6.29
24.85449,80.10011,764.9,47626.86,16410.86,36.5,11.05,8.7
24.8494,80.095,764.9,47626.86,16410.86,36.5,10.0,7.32
24.923,80.2777,764.9,47626.86,16410.86,36.5,7.15,6.72
24.93459,80.31353,764.9,47626.86,16410.86,36.5,9.23,8.28
24.97258,80.43198,764.9,47626.86,16410.86,36.5,10.85,10.7
24.93004,80.35458,764.9,47626.86,16410.86,36.5,17.63,17.4
24.88675,80.19065,764.9,47626.86,16410.86,36.5,8.15,7.65
24.96057,80.38288,764.9,47626.86,16410.86,36.5,8.77,7.3
24.97562,80.27626,764.9,47626.86,16410.86,36.5,9.93,12.55
24.88141,80.29507,764.9,47626.86,16410.86,36.5,9.1,8.07
24.92,80.2253,764.9,47626.86,16410.86,36.5,10.25,11.89
24.842,80.267,764.9,47626.86,16410.86,36.5,5.4,5.23
23.94106,78.86175,764.9,109393.17,60315.74,58.31,7.65,6.9
23.62917,78.83393,764.9,109393.17,60315.74,58.31,8.1,7.0
23.833,78.767,764.9,109393.17,60315.74,58.31,3.78,1.44
23.833,78.767,764.9,109393.17,60315.74,58.31,25.59,16.53
23.833,78.767,764.9,109393.17,60315.74,58.31,20.99,22.12
23.78257,78.80847,764.9,109393.17,60315.74,58.31,9.7,6.5
23.71083,78.9142,764.9,109393.17,60315.74,58.31,6.1,3.4
23.71083,78.9142,764.9,109393.17,60315.74,58.31,5.2,3.1
23.716,78.91,764.9,109393.17,60315.74,58.31,12.44,4.08
23.7466,78.86755,764.9,109393.17,60315.74,58.31,5.1,4.6
23.82728,78.95476,764.9,109393.17,60315.74,58.31,5.7,4.55
23.716,78.814,764.9,109393.17,60315.74,58.31,8.52,3.37
23.85057,78.8799,764.9,109393.17,60315.74,58.31,5.6,4.85
23.85466,78.93138,764.9,109393.17,60315.74,58.31,14.5,9.75
23.85466,78.93138,764.9,109393.17,60315.74,58.31,39.3,21.1
23.854,78.936,764.9,109393.17,60315.74,58.31,7.4,7.3
24.76222,79.07222,764.9,53986.01,37413.35,72.95,7.6,5.75
24.83111,79.14278,764.9,53986.01,37413.35,72.95,8.05,6.95
24.756,79.05,764.9,53986.01,37413.35,72.95,6.13,5.8
24.78756,79.1268,764.9,53986.01,37413.35,72.95,5.6,5.3
24.81933,79.19079,764.9,53986.01,37413.35,72.95,11.2,7.7
24.72944,79.20325,764.9,53986.01,37413.35,72.95,5.2,4.0
24.85722,79.10639,764.9,53986.01,37413.35,72.95,13.3,8.9
24.89695,79.25844,764.9,53986.01,37413.35,72.95,7.3,6.45
24.89695,79.25844,764.9,53986.01,37413.35,72.95,11.0,10.5
24.86389,79.16717,764.9,53986.01,37413.35,72.95,8.5,7.85
24.76748,79.25195,764.9,53986.01,37413.35,72.95,8.8,7.9
24.88111,79.20553,764.9,53986.01,37413.35,72.95,11.75,11.05
24.67797,79.27945,764.9,53986.01,37413.35,72.95,7.0,6.9
24.80778,79.22318,764.9,53986.01,37413.35,72.95,10.65,10.0
24.80778,79.22318,764.9,53986.01,37413.35,72.95,9.55,7.8
24.7658,78.9922,764.9,53986.01,37413.35,72.95,10.2,7.8
24.69047,79.23897,764.9,53986.01,37413.35,72.95,9.2,7.7
24.69047,79.23897,764.9,53986.01,37413.35,72.95,11.45,8.5
24.73528,79.24278,764.9,53986.01,37413.35,72.95,8.1,7.1
24.7244,79.1686,764.9,53986.01,37413.35,72.95,6.65,4.5
25.01111,79.24944,764.9,53986.01,37413.35,72.95,10.6,5.6
25.0236,79.2375,764.9,53986.01,37413.35,72.95,6.96,5.53
25.0236,79.2375,764.9,53986.01,37413.35,72.95,6.6,7.82
25.0236,79.2375,764.9,53986.01,37413.35,72.95,7.34,8.3
25.01111,79.24944,764.9,53986.01,37413.35,72.95,8.3,8.0
25.06923,79.31055,764.9,53986.01,37413.35,72.95,9.45,8.85
25.1253,79.0944,764.9,53986.01,37413.35,72.95,11.0,10.66
25.051,79.1272,764.9,53986.01,37413.35,72.95,10.45,10.2
25.2483,78.99933,764.9,53986.01,37413.35,72.95,11.0,6.5
25.112,78.98034,764.9,53986.01,37413.35,72.95,13.05,9.7
25.10089,79.32247,764.9,53986.01,37413.35,72.95,8.7,8.3
25.1446,78.92538,764.9,53986.01,37413.35,72.95,10.35,8.2
25.06085,79.27601,764.9,53986.01,37413.35,72.95,8.2,6.1
18.644444,74.896667,764.9,160394.66,120574.37,79.45,7.0,5.03
18.716667,75.033333,764.9,160394.66,120574.37,79.45,11.58,8.0
18.633333,75.1,764.9,160394.66,120574.37,79.45,3.95,3.5
18.633333,74.883333,764.9,160394.66,120574.37,79.45,10.02,4.81
18.597221,75.004166,764.9,160394.66,120574.37,79.45,14.5,13.5
18.44861,74.816666,764.9,160394.66,120574.37,79.45,8.1,4.5
18.640278,75.029167,764.9,160394.66,120574.37,79.45,12.1,10.6
18.479166,74.734726,764.9,160394.66,120574.37,79.45,9.6,5.2
18.494444,75.094444,764.9,160394.66,120574.37,79.45,7.5,5.9
18.555414,75.066328,764.9,160394.66,120574.37,79.45,9.5,6.2
18.729166,75.02639,764.9,160394.66,120574.37,79.45,9.2,7.2
18.704166,75.091667,764.9,160394.66,120574.37,79.45,11.7,11.7
18.63611,74.854164,764.9,160394.66,120574.37,79.45,7.8,3.8
18.395834,74.862503,764.9,160394.66,120574.37,79.45,8.9,4.2
18.516667,74.983333,764.9,160394.66,120574.37,79.45,10.85,9.71
18.391691,74.880582,764.9,160394.66,120574.37,79.45,6.5,3.1
18.433333,74.933333,764.9,160394.66,120574.37,79.45,11.88,11.5
18.433332,74.922226,764.9,160394.66,120574.37,79.45,10.3,7.5
19.6,74.508333,764.9,160394.66,120574.37,79.45,6.28,6.0
19.716667,74.483333,764.9,160394.66,120574.37,79.45,13.75,13.0
19.6,74.511108,764.9,160394.66,120574.37,79.45,5.7,3.5
19.684723,74.630554,764.9,160394.66,120574.37,79.45,7.8,6.6
19.538889,74.53611,764.9,160394.66,120574.37,79.45,9.4,7.3
19.766666,74.616669,764.9,160394.66,120574.37,79.45,5.9,3.3
19.719444,74.584722,764.9,160394.66,120574.37,79.45,9.15,5.3
19.609722,74.616669,764.9,160394.66,120574.37,79.45,5.8,2.0
19.591944,74.481944,764.9,160394.66,120574.37,79.45,8.5,8.0
19.584855,74.454702,764.9,160394.66,120574.37,79.45,8.1,2.4
19.34883,74.176121,764.9,160394.66,120574.37,79.45,11.12,13.15
19.267753,74.146921,764.9,160394.66,120574.37,79.45,7.02,4.93
19.566667,74.220833,764.9,160394.66,120574.37,79.45,14.05,12.05
19.255556,74.145836,764.9,160394.66,120574.37,79.45,15.9,9.9
19.554167,74.15361,764.9,160394.66,120574.37,79.45,17.2,13.7
19.322222,74.172775,764.9,160394.66,120574.37,79.45,14.1,9.1
19.529167,74.109726,764.9,160394.66,120574.37,79.45,7.4,3.1
19.390278,74.35833,764.9,160394.66,120574.37,79.45,9.4,7.0
19.333334,74.344444,764.9,160394.66,120574.37,79.45,13.0,7.1
19.48889,74.127777,764.9,160394.66,120574.37,79.45,5.0,1.9
19.325001,74.236115,764.9,160394.66,120574.37,79.45,6.8,4.2
19.495832,74.084724,764.9,160394.66,120574.37,79.45,9.5,2.1
19.704435,74.19255,764.9,160394.66,120574.37,79.45,8.7,5.5
19.345833,74.300003,764.9,160394.66,120574.37,79.45,9.5,9.0
19.394444,74.180557,764.9,160394.66,120574.37,79.45,8.1,8.0
19.518055,74.368057,764.9,160394.66,120574.37,79.45,8.0,2.4
19.483333,74.2,764.9,160394.66,120574.37,79.45,22.1,22.32
19.494444,74.195831,764.9,160394.66,120574.37,79.45,15.0,8.4
19.612499,74.195831,764.9,160394.66,120574.37,79.45,13.45,13.0
19.505556,74.313889,764.9,160394.66,120574.37,79.45,7.3,6.2
19.541666,74.277779,764.9,160394.66,120574.37,79.45,12.0,8.6
19.419113,74.202169,764.9,160394.66,120574.37,79.45,11.0,10.0
19.640278,74.28611,764.9,160394.66,120574.37,79.45,10.35,9.5
19.591667,74.3,764.9,160394.66,120574.37,79.45,7.1,6.92
19.630556,74.20417,764.9,160394.66,120574.37,79.45,12.3,11.8
19.5875,74.244446,764.9,160394.66,120574.37,79.45,13.0,10.8
19.560405,74.209852,764.9,160394.66,120574.37,79.45,8.5,6.6
21.321389,77.735556,764.9,94412.04,77647.82,88.31,11.5,10.6
21.233333,77.733333,764.9,94412.04,77647.82,88.31,24.5,23.0
21.272222,77.736389,764.9,94412.04,77647.82,88.31,19.8,18.2
21.333611,77.808056,764.9,94412.04,77647.82,88.31,18.0,16.5
21.337778,77.570556,764.9,94412.04,77647.82,88.31,12.0,8.6
21.326639,77.732083,764.9,94412.04,77647.82,88.31,7.0,6.0
21.343694,77.579889,764.9,94412.04,77647.82,88.31,12.1,7.2
21.345139,77.809283,764.9,94412.04,77647.82,88.31,13.5,5.6
21.327778,77.6825,764.9,94412.04,77647.82,88.31,15.2,10.5
21.330389,77.680722,764.9,94412.04,77647.82,88.31,18.1,17.0
21.352778,77.765278,764.9,94412.04,77647.82,88.31,15.5,6.8
21.351191,77.765827,764.9,94412.04,77647.82,88.31,8.0,7.5
21.383333,78.059722,764.9,94412.04,77647.82,88.31,13.0,11.0
21.393056,78.083889,764.9,94412.04,77647.82,88.31,11.8,9.15
21.271667,77.851389,764.9,94412.04,77647.82,88.31,4.0,3.0
21.241667,77.816667,764.9,94412.04,77647.82,88.31,4.5,3.0
21.393167,78.071306,764.9,94412.04,77647.82,88.31,11.2,8.2
21.188126,78.046649,764.9,94412.04,77647.82,88.31,6.3,3.7
21.337367,78.010753,764.9,94412.04,77647.82,88.31,8.0,6.2
21.243694,77.806028,764.9,94412.04,77647.82,88.31,4.4,2.8
21.256194,77.874667,764.9,94412.04,77647.82,88.31,10.9,7.1
21.331944,77.869167,764.9,94412.04,77647.82,88.31,8.5,6.7
21.308333,77.925,764.9,94412.04,77647.82,88.31,5.7,3.45
21.325444,77.959306,764.9,94412.04,77647.82,88.31,9.5,4.0
21.36,77.944444,764.9,94412.04,77647.82,88.31,8.6,4.0
21.176944,77.9375,764.9,94412.04,77647.82,88.31,9.4,5.8
21.395611,77.9695,764.9,94412.04,77647.82,88.31,10.9,7.5
21.361111,77.868056,764.9,94412.04,77647.82,88.31,4.8,2.0
21.315278,77.954167,764.9,94412.04,77647.82,88.31,7.0,3.0
21.315944,77.953389,764.9,94412.04,77647.82,88.31,6.6,1.3
21.386111,78.011111,764.9,94412.04,77647.82,88.31,10.0,8.8
21.386778,78.010722,764.9,94412.04,77647.82,88.31,9.9,9.1
21.276444,77.955167,764.9,94412.04,77647.82,88.31,11.1,5.8
21.421667,78.102778,764.9,94412.04,77647.82,88.31,14.7,7.8
21.422944,78.106278,764.9,94412.04,77647.82,88.31,11.6,6.0
21.405556,78.040278,764.9,94412.04,77647.82,88.31,8.0,4.0
21.40675,78.040139,764.9,94412.04,77647.82,88.31,7.3,3.8
21.318889,78.002222,764.9,94412.04,77647.82,88.31,3.3,2.2
21.317278,77.99675,764.9,94412.04,77647.82,88.31,7.3,3.05
21.391667,78.401389,764.9,94412.04,77647.82,88.31,14.5,21.7
21.458333,78.175,764.9,94412.04,77647.82,88.31,9.3,6.0
21.35,78.2625,764.9,94412.04,77647.82,88.31,20.0,21.1
21.406944,78.202222,764.9,94412.04,77647.82,88.31,7.5,4.05
21.376389,78.190278,764.9,94412.04,77647.82,88.31,19.1,14.6
21.466667,78.266667,764.9,94412.04,77647.82,88.31,7.1,5.5
21.400175,78.400244,764.9,94412.04,77647.82,88.31,10.4,7.0
21.455861,78.182139,764.9,94412.04,77647.82,88.31,11.0,4.0
21.33625,78.229806,764.9,94412.04,77647.82,88.31,13.0,8.9
21.409806,78.200389,764.9,94412.04,77647.82,88.31,5.15,2.9
21.38925,78.321611,764.9,94412.04,77647.82,88.31,10.7,8.2
21.468611,78.254444,764.9,94412.04,77647.82,88.31,7.2,4.9
21.437222,78.344444,764.9,94412.04,77647.82,88.31,11.3,10.0
21.4825,78.299722,764.9,94412.04,77647.82,88.31,7.1,7.5
21.456444,78.138056,764.9,94412.04,77647.82,88.31,10.0,3.0
21.453417,78.225611,764.9,94412.04,77647.82,88.31,13.1,9.2
21.506944,78.359722,764.9,94412.04,77647.82,88.31,7.2,2.0
21.557056,78.296528,764.9,94412.04,77647.82,88.31,5.0,2.9
21.446028,78.306361,764.9,94412.04,77647.82,88.31,13.5,7.5
21.497222,78.238889,764.9,94412.04,77647.82,88.31,8.0,4.1
21.498472,78.238111,764.9,94412.04,77647.82,88.31,8.95,2.0
21.526944,78.271417,764.9,94412.04,77647.82,88.31,11.6,3.9
21.561556,78.395,764.9,94412.04,77647.82,88.31,6.5,1.8
21.541667,78.384722,764.9,94412.04,77647.82,88.31,12.8,7.6
20.884444,76.203056,764.9,88719.98,62089.78,74.28,30.0,14.5
20.871667,76.266667,764.9,88719.98,62089.78,74.28,10.97,9.77
20.866667,76.237503,764.9,88719.98,62089.78,74.28,10.3,8.1
20.881945,76.183334,764.9,88719.98,62089.78,74.28,12.2,6.9
21.021716,76.180211,764.9,88719.98,62089.78,74.28,8.6,5.8
20.913889,76.13472,764.9,88719.98,62089.78,74.28,11.8,9.8
20.880556,76.20417,764.9,88719.98,62089.78,74.28,16.9,14.7
20.816668,76.163887,764.9,88719.98,62089.78,74.28,11.0,8.5
20.805555,76.237503,764.9,88719.98,62089.78,74.28,9.6,7.3
20.995834,76.199997,764.9,88719.98,62089.78,74.28,12.6,9.2
20.875,76.268059,764.9,88719.98,62089.78,74.28,9.2,5.4
20.921667,76.24028,764.9,88719.98,62089.78,74.28,14.1,9.6
20.816389,76.202778,764.9,88719.98,62089.78,74.28,11.1,9.1
20.678333,76.213889,764.9,88719.98,62089.78,74.28,6.2,2.6
20.766667,76.027778,764.9,88719.98,62089.78,74.28,6.3,4.3
20.629167,76.129167,764.9,88719.98,62089.78,74.28,11.7,5.3
20.566378,76.049691,764.9,88719.98,62089.78,74.28,6.2,1.8
20.67574,76.207145,764.9,88719.98,62089.78,74.28,8.9,5.0
20.768552,76.028658,764.9,88719.98,62089.78,74.28,8.6,5.9
20.627935,76.12863,764.9,88719.98,62089.78,74.28,14.3,10.4
20.683827,76.107557,764.9,88719.98,62089.78,74.28,10.5,5.2
20.786111,76.063889,764.9,88719.98,62089.78,74.28,8.1,5.2
20.683333,76.2,764.9,88719.98,62089.78,74.28,3.35,2.1
20.666667,76.033333,764.9,88719.98,62089.78,74.28,5.3,2.7
20.67244,76.034142,764.9,88719.98,62089.78,74.28,11.4,4.8
20.760406,76.099818,764.9,88719.98,62089.78,74.28,10.7,9.0
20.642812,76.062965,764.9,88719.98,62089.78,74.28,9.8,4.2
20.603121,76.176247,764.9,88719.98,62089.78,74.28,7.4,0.4
20.764858,76.209315,764.9,88719.98,62089.78,74.28,7.9,6.5
20.599444,76.096667,764.9,88719.98,62089.78,74.28,9.1,4.6
20.597222,76.1,764.9,88719.98,62089.78,74.28,9.3,6.0
21.06123,75.057625,764.9,137904.63,105575.29,80.63,12.0,9.2
21.101322,74.945207,764.9,137904.63,105575.29,80.63,6.8,3.8
20.95,74.923611,764.9,137904.63,105575.29,80.63,8.0,3.8
20.963917,74.94729,764.9,137904.63,105575.29,80.63,9.7,2.5
20.988312,75.169801,764.9,137904.63,105575.29,80.63,5.1,3.9
21.1575,74.991389,764.9,137904.63,105575.29,80.63,8.8,6.1
21.108933,75.308184,764.9,137904.63,105575.29,80.63,14.0,3.6
21.127357,75.105757,764.9,137904.63,105575.29,80.63,9.4,9.2
21.113333,75.133333,764.9,137904.63,105575.29,80.63,13.6,8.8
20.976388,75.090013,764.9,137904.63,105575.29,80.63,5.9,4.5
21.088102,75.039773,764.9,137904.63,105575.29,80.63,4.2,3.9
20.858333,75.025,764.9,137904.63,105575.29,80.63,5.1,5.2
20.8825,75.113056,764.9,137904.63,105575.29,80.63,6.5,5.8
20.939444,75.061111,764.9,137904.63,105575.29,80.63,14.0,8.3
20.730556,75.1,764.9,137904.63,105575.29,80.63,6.9,4.6
20.79672,75.017155,764.9,137904.63,105575.29,80.63,6.5,3.2
20.780737,74.994733,764.9,137904.63,105575.29,80.63,5.15,3.9
20.825278,75.191667,764.9,137904.63,105575.29,80.63,8.5,3.9
20.881389,75.150833,764.9,137904.63,105575.29,80.63,10.0,3.3
20.875995,75.124775,764.9,137904.63,105575.29,80.63,7.85,4.0
20.830848,75.069393,764.9,137904.63,105575.29,80.63,5.7,1.5
20.967222,75.201111,764.9,137904.63,105575.29,80.63,6.9,6.5
20.886835,75.217402,764.9,137904.63,105575.29,80.63,4.8,3.7
20.773856,75.143708,764.9,137904.63,105575.29,80.63,4.4,1.1
20.783889,75.052778,764.9,137904.63,105575.29,80.63,6.1,5.7
20.745522,75.170431,764.9,137904.63,105575.29,80.63,6.4,2.1
20.914371,75.042226,764.9,137904.63,105575.29,80.63,7.1,5.1
20.892862,74.969436,764.9,137904.63,105575.29,80.63,7.2,3.1
21.138889,75.969444,764.9,137904.63,105575.29,80.63,6.2,4.1
21.247222,76.034444,764.9,137904.63,105575.29,80.63,16.3,13.2
21.257289,76.060319,764.9,137904.63,105575.29,80.63,14.2,7.2
21.298611,75.989722,764.9,137904.63,105575.29,80.63,2.2,0.25
21.241781,76.106737,764.9,137904.63,105575.29,80.63,14.6,11.5
21.305,76.115833,764.9,137904.63,105575.29,80.63,7.0,3.9
21.246667,76.038056,764.9,137904.63,105575.29,80.63,22.7,14.8
21.171194,75.927771,764.9,137904.63,105575.29,80.63,36.0,29.5
21.261962,75.90776,764.9,137904.63,105575.29,80.63,26.7,5.7
21.26187,75.933959,764.9,137904.63,105575.29,80.63,35.4,15.9
21.218056,75.905278,764.9,137904.63,105575.29,80.63,43.0,24.6
21.215878,75.5514,764.9,137904.63,105575.29,80.63,33.3,22.57
21.17,75.698611,764.9,137904.63,105575.29,80.63,12.0,7.44
21.196154,75.595716,764.9,137904.63,105575.29,80.63,29.5,17.0
21.205833,75.581944,764.9,137904.63,105575.29,80.63,13.5,13.0
21.238585,75.67599,764.9,137904.63,105575.29,80.63,27.9,25.24
21.18,75.748056,764.9,137904.63,105575.29,80.63,31.0,29.9
21.131944,75.845278,764.9,137904.63,105575.29,80.63,24.0,12.0
19.816667,75.983333,764.9,84857.16,43793.81,54.58,17.8,11.93
19.756944,75.844444,764.9,84857.16,43793.81,54.58,9.9,2.6
19.703602,76.168818,764.9,84857.16,43793.81,54.58,7.4,3.6
19.793889,76.266667,764.9,84857.16,43793.81,54.58,8.0,5.55
19.868889,75.976389,764.9,84857.16,43793.81,54.58,9.9,5.65
19.724997,75.841597,764.9,84857.16,43793.81,54.58,7.5,1.45
19.708333,75.96,764.9,84857.16,43793.81,54.58,11.8,8.4
19.780314,76.244011,764.9,84857.16,43793.81,54.58,9.3,7.15
19.919444,76.038889,764.9,84857.16,43793.81,54.58,11.11,6.65
19.763889,76.198611,764.9,84857.16,43793.81,54.58,9.4,3.0
19.816667,76.175556,764.9,84857.16,43793.81,54.58,12.3,5.75
19.931111,75.877778,764.9,84857.16,43793.81,54.58,10.0,4.5
19.692222,76.216667,764.9,84857.16,43793.81,54.58,7.8,1.85
19.758889,75.903333,764.9,84857.16,43793.81,54.58,8.0,6.25
19.516667,76.112778,764.9,84857.16,43793.81,54.58,11.0,6.45
19.586944,76.113056,764.9,84857.16,43793.81,54.58,8.6,6.0
19.605907,76.144379,764.9,84857.16,43793.81,54.58,12.1,8.6
19.653056,76.123056,764.9,84857.16,43793.81,54.58,12.0,9.05
19.8,76.080556,764.9,84857.16,43793.81,54.58,11.4,7.4
19.709167,76.147222,764.9,84857.16,43793.81,54.58,9.9,6.9
19.668621,75.973611,764.9,84857.16,43793.81,54.58,9.2,4.55
19.520833,75.98751,764.9,84857.16,43793.81,54.58,10.0,4.35
19.494722,76.067222,764.9,84857.16,43793.81,54.58,19.9,14.1
19.513889,76.063056,764.9,84857.16,43793.81,54.58,12.9,10.05
19.404287,76.11806,764.9,84857.16,43793.81,54.58,13.0,12.75
19.385833,76.061944,764.9,84857.16,43793.81,54.58,13.7,12.8
19.638611,75.956389,764.9,84857.16,43793.81,54.58,12.4,5.7
19.59751,75.915556,764.9,84857.16,43793.81,54.58,9.75,1.75
19.4375,75.926944,764.9,84857.16,43793.81,54.58,9.25,3.95
19.6,76.208333,764.9,84857.16,43793.81,54.58,14.7,7.8
19.679167,76.277778,764.9,84857.16,43793.81,54.58,13.6,9.3
19.393889,76.140556,764.9,84857.16,43793.81,54.58,11.8,10.85
19.376389,76.226389,764.9,84857.16,43793.81,54.58,8.2,7.35
19.335556,76.194444,764.9,84857.16,43793.81,54.58,7.0,6.3
19.598611,76.216667,764.9,84857.16,43793.81,54.58,14.0,8.75
19.499444,76.354167,764.9,84857.16,43793.81,54.58,10.7,6.85
19.538889,76.205,764.9,84857.16,43793.81,54.58,15.0,8.2
19.678611,76.279167,764.9,84857.16,43793.81,54.58,10.5,6.05
19.475,76.233333,764.9,84857.16,43793.81,54.58,6.8,4.4
19.476389,76.229167,764.9,84857.16,43793.81,54.58,8.0,4.0
18.4153,76.9164,764.9,68866.23,36412.97,55.67,10.6,5.6
18.510405,76.844092,764.9,68866.23,36412.97,55.67,13.0,3.5
18.44738,76.7281,764.9,68866.23,36412.97,55.67,14.5,9.48
18.423333,76.816389,764.9,68866.23,36412.97,55.67,8.8,10.2
18.459167,76.756944,764.9,68866.23,36412.97,55.67,19.08,21.9
18.575,76.913889,764.9,68866.23,36412.97,55.67,13.62,13.8
18.452222,76.756111,764.9,68866.23,36412.97,55.67,9.7,8.4
18.47,76.72,764.9,68866.23,36412.97,55.67,14.2,6.05
18.483,76.8089,764.9,68866.23,36412.97,55.67,9.5,4.5
18.495611,76.756706,764.9,68866.23,36412.97,55.67,9.9,5.6
18.4363,76.6591,764.9,68866.23,36412.97,55.67,14.2,6.5
18.5181,76.327684,764.9,68866.23,36412.97,55.67,12.2,8.65
18.427727,76.402897,764.9,68866.23,36412.97,55.67,13.0,13.0
18.5164,76.4531,764.9,68866.23,36412.97,55.67,8.5,8.5
18.482778,76.591667,764.9,68866.23,36412.97,55.67,12.5,12.4
18.4241,76.699,764.9,68866.23,36412.97,55.67,11.0,5.55
18.4,76.4,764.9,68866.23,36412.97,55.67,14.66,15.1
18.45,76.545833,764.9,68866.23,36412.97,55.67,9.1,9.0
18.4894,76.4681,764.9,68866.23,36412.97,55.67,12.7,10.05
18.551272,76.365593,764.9,68866.23,36412.97,55.67,9.0,3.6
18.408333,76.313889,764.9,68866.23,36412.97,55.67,14.6,9.73
18.398889,76.543889,764.9,68866.23,36412.97,55.67,13.76,8.0
18.407222,76.576389,764.9,68866.23,36412.97,55.67,2.45,13.5
18.4,76.233333,764.9,68866.23,36412.97,55.67,8.77,3.15
18.3728,76.6383,764.9,68866.23,36412.97,55.67,18.6,4.55
18.4549,76.7024,764.9,68866.23,36412.97,55.67,11.25,11.25
18.444126,76.466453,764.9,68866.23,36412.97,55.67,8.7,6.4
18.4179,76.3249,764.9,68866.23,36412.97,55.67,15.4,7.5
18.3394,76.5199,764.9,68866.23,36412.97,55.67,9.7,7.7
18.376147,76.267953,764.9,68866.23,36412.97,55.67,11.2,1.2
18.5003,76.3914,764.9,68866.23,36412.97,55.67,13.4,7.25
18.3692,76.3179,764.9,68866.23,36412.97,55.67,12.7,1.85
18.385077,76.520693,764.9,68866.23,36412.97,55.67,13.45,13.0
18.1072,76.9367,764.9,68866.23,36412.97,55.67,19.0,12.5
18.155271,76.782351,764.9,68866.23,36412.97,55.67,10.7,10.7
18.088889,76.754167,764.9,68866.23,36412.97,55.67,10.0,10.0
17.941667,76.849722,764.9,68866.23,36412.97,55.67,9.59,3.12
17.916667,76.766667,764.9,68866.23,36412.97,55.67,9.45,10.3
18.186111,76.805556,764.9,68866.23,36412.97,55.67,13.02,6.9
18.118333,76.753611,764.9,68866.23,36412.97,55.67,5.83,5.0
18.281944,76.670833,764.9,68866.23,36412.97,55.67,12.35,5.6
18.163783,76.867246,764.9,68866.23,36412.97,55.67,10.4,10.3
17.988762,76.702783,764.9,68866.23,36412.97,55.67,12.8,4.5
18.050455,76.9356,764.9,68866.23,36412.97,55.67,8.0,4.35
18.016667,76.75,764.9,68866.23,36412.97,55.67,15.9,13.05
18.2669,76.6572,764.9,68866.23,36412.97,55.67,15.0,9.0
18.260364,76.715009,764.9,68866.23,36412.97,55.67,13.5,11.0
17.925098,76.756449,764.9,68866.23,36412.97,55.67,11.8,4.5
18.1867,76.8069,764.9,68866.23,36412.97,55.67,15.0,5.2
18.0311,76.7128,764.9,68866.23,36412.97,55.67,15.2,6.3
18.117443,76.74735,764.9,68866.23,36412.97,55.67,13.8,3.8
18.0275,76.9008,764.9,68866.23,36412.97,55.67,11.8,5.75
18.225473,76.701309,764.9,68866.23,36412.97,55.67,9.0,6.05
18.24,76.75,764.9,68866.23,36412.97,55.67,11.6,9.4
18.626667,76.629167,764.9,68866.23,36412.97,55.67,6.75,3.6
18.58,76.51,764.9,68866.23,36412.97,55.67,6.2,6.1
18.558672,76.430429,764.9,68866.23,36412.97,55.67,11.5,8.1
18.61,76.52,764.9,68866.23,36412.97,55.67,10.0,4.8
18.579167,76.625,764.9,68866.23,36412.97,55.67,12.0,5.9
18.5875,76.4917,764.9,68866.23,36412.97,55.67,6.6,5.4
18.632015,76.626713,764.9,68866.23,36412.97,55.67,9.7,4.55
18.531977,76.564809,764.9,68866.23,36412.97,55.67,11.0,8.55
18.514444,76.484722,764.9,68866.23,36412.97,55.67,10.0,6.35
18.346389,76.890278,764.9,68866.23,36412.97,55.67,4.24,4.6
18.353611,76.805,764.9,68866.23,36412.97,55.67,9.05,6.0
18.279722,76.800833,764.9,68866.23,36412.97,55.67,15.73,12.0
18.355556,76.808334,764.9,68866.23,36412.97,55.67,12.3,3.0
18.281944,76.883614,764.9,68866.23,36412.97,55.67,12.8,8.2
18.273611,76.80278,764.9,68866.23,36412.97,55.67,15.4,7.4
18.370832,76.885277,764.9,68866.23,36412.97,55.67,16.8,4.9
21.266667,78.758333,764.9,94769.63,45961.83,51.29,8.51,2.11
21.283333,78.583333,764.9,94769.63,45961.83,51.29,8.22,8.22
21.318056,78.519444,764.9,94769.63,45961.83,51.29,22.22,21.48
21.136133,78.700802,764.9,94769.63,45961.83,51.29,6.4,2.8
21.36571,78.595504,764.9,94769.63,45961.83,51.29,7.0,1.1
21.297667,78.54644,764.9,94769.63,45961.83,51.29,7.3,1.7
21.170556,78.611111,764.9,94769.63,45961.83,51.29,4.8,2.4
21.165349,78.613625,764.9,94769.63,45961.83,51.29,9.0,2.7
21.232222,78.620556,764.9,94769.63,45961.83,51.29,7.3,6.87
21.3625,78.625833,764.9,94769.63,45961.83,51.29,10.84,5.15
21.320833,78.433333,764.9,94769.63,45961.83,51.29,5.1,2.42
21.265833,78.408333,764.9,94769.63,45961.83,51.29,5.52,2.38
21.466667,78.533333,764.9,94769.63,45961.83,51.29,8.28,6.09
21.470833,78.536944,764.9,94769.63,45961.83,51.29,3.9,3.06
21.349167,78.48,764.9,94769.63,45961.83,51.29,7.25,5.0
21.347222,78.48,764.9,94769.63,45961.83,51.29,9.3,8.03
21.488573,78.480938,764.9,94769.63,45961.83,51.29,5.8,2.75
21.347302,78.337994,764.9,94769.63,45961.83,51.29,7.5,2.7
21.383221,78.419422,764.9,94769.63,45961.83,51.29,8.2,6.1
21.326158,78.434141,764.9,94769.63,45961.83,51.29,10.0,2.0
21.270923,78.40749,764.9,94769.63,45961.83,51.29,5.8,0.5
21.329217,78.377587,764.9,94769.63,45961.83,51.29,8.7,4.2
21.346556,78.476722,764.9,94769.63,45961.83,51.29,9.4,3.9
21.256897,78.399534,764.9,94769.63,45961.83,51.29,5.5,2.7
21.354622,78.301128,764.9,94769.63,45961.83,51.29,14.4,14.0
21.44491,78.581122,764.9,94769.63,45961.83,51.29,6.2,3.5
21.391667,78.635,764.9,94769.63,45961.83,51.29,7.25,6.07
21.395994,78.635001,764.9,94769.63,45961.83,51.29,4.8,2.9
21.432222,78.659444,764.9,94769.63,45961.83,51.29,12.3,5.4
20.463889,74.183889,764.9,196379.1,108090.8,58.23,15.0,13.2
20.45424,74.17604,764.9,196379.1,108090.8,58.23,10.85,10.0
20.511667,74.161111,764.9,196379.1,108090.8,58.23,10.6,5.17
20.5048,74.30532,764.9,196379.1,108090.8,58.23,9.3,5.2
20.52302,74.31557,764.9,196379.1,108090.8,58.23,7.8,5.05
20.46208,74.1475,764.9,196379.1,108090.8,58.23,12.4,12.1
20.469308,74.297026,764.9,196379.1,108090.8,58.23,9.9,7.32
20.421944,74.35,764.9,196379.1,108090.8,58.23,13.3,8.8
19.963333,73.833336,764.9,196379.1,108090.8,58.23,6.8,1.9
19.9,73.816667,764.9,196379.1,108090.8,58.23,4.3,2.25
20.046667,73.807778,764.9,196379.1,108090.8,58.23,5.6,2.9
19.891323,73.695495,764.9,196379.1,108090.8,58.23,2.85,1.5
20.075,73.6125,764.9,196379.1,108090.8,58.23,11.7,5.2
20.011389,73.795833,764.9,196379.1,108090.8,58.23,7.2,8.1
19.982778,73.804167,764.9,196379.1,108090.8,58.23,3.5,4.4
19.9125,73.901111,764.9,196379.1,108090.8,58.23,7.65,3.0
20.039167,73.869722,764.9,196379.1,108090.8,58.23,9.0,6.4
20.053889,73.7425,764.9,196379.1,108090.8,58.23,10.95,5.1
20.083333,73.666667,764.9,196379.1,108090.8,58.23,3.32,2.95
20.034166,73.831108,764.9,196379.1,108090.8,58.23,7.9,2.9
19.875278,73.833336,764.9,196379.1,108090.8,58.23,4.9,2.4
20.075001,73.57917,764.9,196379.1,108090.8,58.23,3.5,1.0
20.079721,73.64917,764.9,196379.1,108090.8,58.23,11.5,0.9
20.02861,73.639168,764.9,196379.1,108090.8,58.23,8.2,2.8
20.075834,73.662498,764.9,196379.1,108090.8,58.23,9.3,1.9
20.061111,73.727776,764.9,196379.1,108090.8,58.23,15.3,4.9
19.9125,73.854167,764.9,196379.1,108090.8,58.23,9.9,3.3
19.910833,73.850555,764.9,196379.1,108090.8,58.23,4.3,2.1
19.78,74.182222,764.9,196379.1,108090.8,58.23,8.1,5.5
19.716667,74.133333,764.9,196379.1,108090.8,58.23,6.5,2.8
19.833333,74.0,764.9,196379.1,108090.8,58.23,8.7,8.5
19.803889,74.248889,764.9,196379.1,108090.8,58.23,10.7,7.75
19.885088,73.942943,764.9,196379.1,108090.8,58.23,5.8,3.4
19.755978,74.2066,764.9,196379.1,108090.8,58.23,13.5,5.3
19.687561,73.959004,764.9,196379.1,108090.8,58.23,18.65,8.2
19.682881,74.037575,764.9,196379.1,108090.8,58.23,13.5,6.9
19.802006,74.246343,764.9,196379.1,108090.8,58.23,9.3,7.4
19.904443,74.05539,764.9,196379.1,108090.8,58.23,15.5,9.7
19.939021,74.185646,764.9,196379.1,108090.8,58.23,10.2,4.0
19.921718,74.264495,764.9,196379.1,108090.8,58.23,6.3,2.7
19.844722,74.083333,764.9,196379.1,108090.8,58.23,6.9,4.6
19.749081,74.095378,764.9,196379.1,108090.8,58.23,7.8,6.9
19.841111,74.109722,764.9,196379.1,108090.8,58.23,4.5,3.35
19.839648,74.112715,764.9,196379.1,108090.8,58.23,6.8,6.0
19.843056,74.10417,764.9,196379.1,108090.8,58.23,6.4,4.2
19.892,74.146,764.9,196379.1,108090.8,58.23,9.8,7.95
19.87291,74.21699,764.9,196379.1,108090.8,58.23,6.5,5.8
19.829576,73.854784,764.9,196379.1,108090.8,58.23,8.23,3.9
19.829722,74.335556,764.9,196379.1,108090.8,58.23,2.9,1.9
19.830556,74.3375,764.9,196379.1,108090.8,58.23,3.3,1.85
19.79109,74.315706,764.9,196379.1,108090.8,58.23,7.7,5.1
19.799105,73.882128,764.9,196379.1,108090.8,58.23,11.4,3.8
19.773333,74.084722,764.9,196379.1,108090.8,58.23,10.4,11.95
19.903783,74.25445,764.9,196379.1,108090.8,58.23,4.6,3.4
19.872778,73.881111,764.9,196379.1,108090.8,58.23,11.4,7.05
17.950556,76.603056,764.9,85224.64,50767.51,62.7,17.6,14.0
17.983889,76.553333,764.9,85224.64,50767.51,62.7,12.4,12.3
17.833333,76.683333,764.9,85224.64,50767.51,62.7,7.09,7.0
17.841389,76.623333,764.9,85224.64,50767.51,62.7,7.4,7.0
17.6897,76.4181,764.9,85224.64,50767.51,62.7,10.2,3.05
17.9414,76.5992,764.9,85224.64,50767.51,62.7,16.0,10.15
17.7475,76.645,764.9,85224.64,50767.51,62.7,12.3,3.7
17.7183,76.6722,764.9,85224.64,50767.51,62.7,8.5,4.2
17.8056,76.5967,764.9,85224.64,50767.51,62.7,11.2,3.8
17.7878,76.5564,764.9,85224.64,50767.51,62.7,9.2,3.55
17.924862,76.497543,764.9,85224.64,50767.51,62.7,11.5,4.65
18.0242,76.5967,764.9,85224.64,50767.51,62.7,11.7,7.0
17.7339,76.5811,764.9,85224.64,50767.51,62.7,13.0,3.7
17.8906,76.7153,764.9,85224.64,50767.51,62.7,12.1,6.5
17.9828,76.5953,764.9,85224.64,50767.51,62.7,10.95,4.15
17.829202,76.464256,764.9,85224.64,50767.51,62.7,12.7,3.75
17.8289,76.6886,764.9,85224.64,50767.51,62.7,13.2,2.65
17.859731,76.430044,764.9,85224.64,50767.51,62.7,13.8,4.9
18.373889,76.102778,764.9,85224.64,50767.51,62.7,11.86,10.0
18.045278,76.274722,764.9,85224.64,50767.51,62.7,17.19,5.33
18.184444,75.984444,764.9,85224.64,50767.51,62.7,8.35,7.6
18.18,76.045278,764.9,85224.64,50767.51,62.7,11.64,9.64
18.2,76.083333,764.9,85224.64,50767.51,62.7,7.71,6.0
18.120833,76.080556,764.9,85224.64,50767.51,62.7,6.35,4.5
18.1675,76.041667,764.9,85224.64,50767.51,62.7,9.5,2.15
18.0989,75.9708,764.9,85224.64,50767.51,62.7,9.5,5.1
18.3658,76.0928,764.9,85224.64,50767.51,62.7,13.5,8.35
18.233654,75.995215,764.9,85224.64,50767.51,62.7,9.4,3.4
18.1942,75.9553,764.9,85224.64,50767.51,62.7,11.6,2.8
18.3069,76.29,764.9,85224.64,50767.51,62.7,12.4,3.85
18.2269,76.2503,764.9,85224.64,50767.51,62.7,10.0,6.4
18.2669,76.2811,764.9,85224.64,50767.51,62.7,10.0,3.95
18.194229,76.045388,764.9,85224.64,50767.51,62.7,12.1,4.05
18.0742,76.2389,764.9,85224.64,50767.51,62.7,10.3,9.45
18.2289,76.1864,764.9,85224.64,50767.51,62.7,6.0,3.3
18.1383,76.1297,764.9,85224.64,50767.51,62.7,9.4,2.8
18.2244,76.1411,764.9,85224.64,50767.51,62.7,10.0,5.0
18.1211,76.0794,764.9,85224.64,50767.51,62.7,11.3,3.05
18.2775,76.1367,764.9,85224.64,50767.51,62.7,14.2,5.55
18.2864,76.1831,764.9,85224.64,50767.51,62.7,12.5,5.25
18.3494,76.1139,764.9,85224.64,50767.51,62.7,12.3,3.2
18.3414,76.2317,764.9,85224.64,50767.51,62.7,13.0,10.9
18.3078,76.0472,764.9,85224.64,50767.51,62.7,8.5,4.15
18.1947,76.2628,764.9,85224.64,50767.51,62.7,17.5,15.7
18.033333,76.216667,764.9,85224.64,50767.51,62.7,8.8,7.9
18.0367,76.22,764.9,85224.64,50767.51,62.7,11.2,3.4
18.324167,76.136389,764.9,85224.64,50767.51,62.7,8.96,4.5
18.325,75.963889,764.9,85224.64,50767.51,62.7,10.6,4.64
18.100556,74.480556,764.9,185393.14,126440.0,72.1,10.4,6.3
18.136111,74.254167,764.9,185393.14,126440.0,72.1,6.1,3.0
18.132904,74.453367,764.9,185393.14,126440.0,72.1,3.2,3.0
18.0583,74.4875,764.9,185393.14,126440.0,72.1,4.6,1.3
18.136944,74.3875,764.9,185393.14,126440.0,72.1,6.0,2.9
18.276804,74.374067,764.9,185393.14,126440.0,72.1,8.2,3.8
18.171204,74.437967,764.9,185393.14,126440.0,72.1,6.4,5.5
18.094444,74.611111,764.9,185393.14,126440.0,72.1,5.0,2.25
18.242104,74.264367,764.9,185393.14,126440.0,72.1,5.4,1.4
18.210504,74.367567,764.9,185393.14,126440.0,72.1,10.0,6.0
18.280904,74.304667,764.9,185393.14,126440.0,72.1,12.5,11.0
18.211504,74.286567,764.9,185393.14,126440.0,72.1,6.7,2.6
18.332304,74.382367,764.9,185393.14,126440.0,72.1,8.6,3.9
18.247222,74.538889,764.9,185393.14,126440.0,72.1,8.77,3.2
18.2458,74.5375,764.9,185393.14,126440.0,72.1,6.0,4.7
18.266667,74.766667,764.9,185393.14,126440.0,72.1,2.3,0.8
18.083333,74.916667,764.9,185393.14,126440.0,72.1,11.9,10.0
18.07986,74.796434,764.9,185393.14,126440.0,72.1,11.0,4.8
18.229,74.774,764.9,185393.14,126440.0,72.1,10.5,1.2
18.306643,74.753375,764.9,185393.14,126440.0,72.1,11.8,6.4
18.14581,74.995735,764.9,185393.14,126440.0,72.1,3.6,3.5
18.0794,75.0911,764.9,185393.14,126440.0,72.1,3.9,3.8
18.1133,75.0291,764.9,185393.14,126440.0,72.1,11.7,4.8
18.024004,74.770167,764.9,185393.14,126440.0,72.1,5.8,4.7
18.1494,74.9075,764.9,185393.14,126440.0,72.1,9.0,8.0
18.136404,74.720867,764.9,185393.14,126440.0,72.1,6.4,5.2
18.240304,74.664167,764.9,185393.14,126440.0,72.1,3.7,2.2
18.2045,74.9144,764.9,185393.14,126440.0,72.1,6.2,4.6
18.2831,74.7472,764.9,185393.14,126440.0,72.1,5.7,1.9
18.076504,74.898767,764.9,185393.14,126440.0,72.1,18.0,12.0
18.001604,74.917367,764.9,185393.14,126440.0,72.1,4.5,3.4
18.172,74.8484,764.9,185393.14,126440.0,72.1,3.7,2.6
17.9167,75.0082,764.9,185393.14,126440.0,72.1,7.9,7.0
18.255304,74.685867,764.9,185393.14,126440.0,72.1,7.5,2.6
18.201,74.952,764.9,185393.14,126440.0,72.1,5.3,4.6
18.071904,74.669067,764.9,185393.14,126440.0,72.1,5.7,4.0
18.268056,74.170833,764.9,185393.14,126440.0,72.1,6.9,4.1
18.164722,74.168611,764.9,185393.14,126440.0,72.1,11.0,8.7
18.302778,73.975,764.9,185393.14,126440.0,72.1,8.7,0.01
18.251389,74.083333,764.9,185393.14,126440.0,72.1,6.9,2.35
18.283333,74.116667,764.9,185393.14,126440.0,72.1,6.3,0.85
18.217104,74.074067,764.9,185393.14,126440.0,72.1,4.9,3.8
18.175204,74.115067,764.9,185393.14,126440.0,72.1,6.4,3.0
18.268704,74.143267,764.9,185393.14,126440.0,72.1,5.5,3.2
18.194304,74.083767,764.9,185393.14,126440.0,72.1,9.7,9.2
18.223004,74.118167,764.9,185393.14,126440.0,72.1,7.5,3.4
18.426204,74.274667,764.9,185393.14,126440.0,72.1,7.5,2.1
18.262404,74.127167,764.9,185393.14,126440.0,72.1,6.9,1.9
18.185104,74.153267,764.9,185393.14,126440.0,72.1,7.3,6.5
18.311504,74.132367,764.9,185393.14,126440.0,72.1,14.6,10.7
18.378204,74.029867,764.9,185393.14,126440.0,72.1,18.0,8.1
18.397404,74.082767,764.9,185393.14,126440.0,72.1,7.6,3.4
18.330104,74.094867,764.9,185393.14,126440.0,72.1,4.7,3.2
18.406804,74.230467,764.9,185393.14,126440.0,72.1,7.7,3.9
18.272604,74.244867,764.9,185393.14,126440.0,72.1,11.6,11.5
17.05,75.216667,764.9,132647.69,72831.37,58.88,8.25,7.25
17.108333,75.118056,764.9,132647.69,72831.37,58.88,6.2,4.5
17.163889,75.179167,764.9,132647.69,72831.37,58.88,3.5,2.5
17.058333,75.316667,764.9,132647.69,72831.37,58.88,8.55,4.1
17.169472,75.217139,764.9,132647.69,72831.37,58.88,5.9,3.1
17.073556,75.121611,764.9,132647.69,72831.37,58.88,5.6,3.33
17.204472,75.043361,764.9,132647.69,72831.37,58.88,8.4,4.4
17.119167,75.068611,764.9,132647.69,72831.37,58.88,3.6,1.68
17.202722,75.598833,764.9,132647.69,72831.37,58.88,8.5,3.7
17.225,75.435,764.9,132647.69,72831.37,58.88,10.3,5.83
17.057778,75.64,764.9,132647.69,72831.37,58.88,5.1,2.83
17.094472,75.609167,764.9,132647.69,72831.37,58.88,5.9,4.68
16.981028,75.335778,764.9,132647.69,72831.37,58.88,9.5,5.73
17.118889,75.272778,764.9,132647.69,72831.37,58.88,9.0,5.0
17.140278,75.345,764.9,132647.69,72831.37,58.88,7.1,5.4
17.071778,75.501944,764.9,132647.69,72831.37,58.88,10.6,8.8
17.196389,75.502222,764.9,132647.69,72831.37,58.88,9.8,6.63
17.158333,75.255556,764.9,132647.69,72831.37,58.88,10.5,5.35
17.210833,75.115278,764.9,132647.69,72831.37,58.88,9.3,8.73
16.945833,75.183333,764.9,132647.69,72831.37,58.88,17.5,14.0
17.001111,75.072222,764.9,132647.69,72831.37,58.88,10.1,5.95
16.901778,75.252056,764.9,132647.69,72831.37,58.88,10.25,10.0
16.9045,75.140389,764.9,132647.69,72831.37,58.88,13.6,12.6
17.008333,74.869444,764.9,132647.69,72831.37,58.88,2.9,2.7
17.1375,75.019444,764.9,132647.69,72831.37,58.88,7.1,4.85
17.172121,75.023445,764.9,132647.69,72831.37,58.88,5.8,3.8
17.173056,74.866111,764.9,132647.69,72831.37,58.88,8.9,8.13
17.1405,74.947167,764.9,132647.69,72831.37,58.88,10.3,9.7
17.157833,74.971917,764.9,132647.69,72831.37,58.88,5.7,4.68
16.978111,74.761111,764.9,132647.69,72831.37,58.88,4.27,3.1
16.985949,74.762832,764.9,132647.69,72831.37,58.88,8.4,4.2
16.973917,74.804806,764.9,132647.69,72831.37,58.88,2.9,2.4
16.977778,74.865,764.9,132647.69,72831.37,58.88,6.4,6.1
17.122222,74.930056,764.9,132647.69,72831.37,58.88,5.9,4.53
16.99,75.023611,764.9,132647.69,72831.37,58.88,4.3,2.65
17.057222,74.864444,764.9,132647.69,72831.37,58.88,13.5,10.1
17.059722,74.864444,764.9,132647.69,72831.37,58.88,8.3,7.37
17.118056,74.865556,764.9,132647.69,72831.37,58.88,3.3,1.4
17.031111,74.831111,764.9,132647.69,72831.37,58.88,3.8,2.28
16.969778,74.946583,764.9,132647.69,72831.37,58.88,12.5,10.52
16.923056,74.898611,764.9,132647.69,72831.37,58.88,5.6,3.5
17.016667,74.8075,764.9,132647.69,72831.37,58.88,4.9,4.5
17.327778,74.526389,764.9,132647.69,72831.37,58.88,10.3,3.0
17.156847,74.443278,764.9,132647.69,72831.37,58.88,4.9,3.8
17.406111,74.616667,764.9,132647.69,72831.37,58.88,6.8,6.3
17.335833,74.6875,764.9,132647.69,72831.37,58.88,5.8,4.95
17.254194,74.651778,764.9,132647.69,72831.37,58.88,8.3,3.4
17.199833,74.539611,764.9,132647.69,72831.37,58.88,8.3,6.25
17.406389,74.538056,764.9,132647.69,72831.37,58.88,9.8,6.3
17.270833,74.570833,764.9,132647.69,72831.37,58.88,5.1,3.4
17.376861,74.591361,764.9,132647.69,72831.37,58.88,7.9,7.4
17.298889,74.721111,764.9,132647.69,72831.37,58.88,8.1,6.9
16.7875,74.816667,764.9,132647.69,72831.37,58.88,0.8,1.0
16.833333,74.640278,764.9,132647.69,72831.37,58.88,8.6,2.8
16.916944,74.566944,764.9,132647.69,72831.37,58.88,5.8,2.9
16.810833,74.644722,764.9,132647.69,72831.37,58.88,4.4,2.65
16.883056,74.553611,764.9,132647.69,72831.37,58.88,8.8,7.4
16.921944,74.493056,764.9,132647.69,72831.37,58.88,8.85,3.5
16.867778,74.582778,764.9,132647.69,72831.37,58.88,2.5,2.9
16.838333,74.587778,764.9,132647.69,72831.37,58.88,5.3,3.25
16.801111,74.738056,764.9,132647.69,72831.37,58.88,7.7,2.6
16.791666,74.803612,764.9,132647.69,72831.37,58.88,7.4,3.9
16.797222,74.736115,764.9,132647.69,72831.37,58.88,3.9,0.1
16.861389,74.872223,764.9,132647.69,72831.37,58.88,2.8,3.2
16.915277,74.614723,764.9,132647.69,72831.37,58.88,8.2,5.7
16.746666,74.701942,764.9,132647.69,72831.37,58.88,7.0,3.2
16.868055,74.419441,764.9,132647.69,72831.37,58.88,2.8,0.4
17.115556,74.5875,764.9,132647.69,72831.37,58.88,3.7,1.5
17.106667,74.568056,764.9,132647.69,72831.37,58.88,7.6,4.9
17.043694,74.511111,764.9,132647.69,72831.37,58.88,7.7,7.5
17.533333,74.333333,764.9,99555.89,62576.37,66.27,10.1,6.2
17.8375,74.269444,764.9,99555.89,62576.37,66.27,3.9,0.4
17.501778,74.483083,764.9,99555.89,62576.37,66.27,9.3,8.8
17.537471,74.351032,764.9,99555.89,62576.37,66.27,6.3,2.8
17.468651,74.405241,764.9,99555.89,62576.37,66.27,8.5,3.8
17.774443,74.331697,764.9,99555.89,62576.37,66.27,10.6,8.1
17.421003,74.500337,764.9,99555.89,62576.37,66.27,11.9,11.8
17.513325,74.556623,764.9,99555.89,62576.37,66.27,7.9,0.8
17.606758,74.31717,764.9,99555.89,62576.37,66.27,9.8,3.1
17.594727,74.390231,764.9,99555.89,62576.37,66.27,8.7,6.5
17.774118,74.29131,764.9,99555.89,62576.37,66.27,12.2,9.8
17.444717,74.550647,764.9,99555.89,62576.37,66.27,5.8,3.8
17.839323,74.286152,764.9,99555.89,62576.37,66.27,9.1,3.2
17.489929,74.426549,764.9,99555.89,62576.37,66.27,8.9,5.1
17.46075,74.318425,764.9,99555.89,62576.37,66.27,8.5,5.7
17.716678,74.288607,764.9,99555.89,62576.37,66.27,6.2,3.8
17.497786,74.335587,764.9,99555.89,62576.37,66.27,5.5,1.2
17.566667,74.516667,764.9,99555.89,62576.37,66.27,10.25,5.0
17.568407,74.51751,764.9,99555.89,62576.37,66.27,10.0,9.4
17.652847,74.518406,764.9,99555.89,62576.37,66.27,8.6,3.85
17.601066,74.420741,764.9,99555.89,62576.37,66.27,14.5,13.0
17.916667,73.65,764.9,99555.89,62576.37,66.27,14.4,14.3
17.922412,73.808003,764.9,99555.89,62576.37,66.27,10.9,7.8
17.924999,73.758331,764.9,99555.89,62576.37,66.27,7.0,2.2
17.922222,73.655556,764.9,99555.89,62576.37,66.27,12.8,10.8
17.924444,73.806114,764.9,99555.89,62576.37,66.27,23.7,11.1
17.633333,74.783333,764.9,99555.89,62576.37,66.27,8.15,7.7
17.467238,74.816058,764.9,99555.89,62576.37,66.27,4.8,2.4
17.784444,74.604167,764.9,99555.89,62576.37,66.27,8.3,3.6
17.653436,74.85138,764.9,99555.89,62576.37,66.27,5.6,0.1
17.628217,74.72413,764.9,99555.89,62576.37,66.27,12.9,11.1
17.633701,74.780898,764.9,99555.89,62576.37,66.27,8.9,3.9
17.864189,74.51964,764.9,99555.89,62576.37,66.27,5.5,0.8
17.719951,74.640275,764.9,99555.89,62576.37,66.27,7.9,4.7
17.475433,74.802715,764.9,99555.89,62576.37,66.27,7.0,2.2
17.842217,74.672073,764.9,99555.89,62576.37,66.27,8.5,5.1
17.590799,74.808902,764.9,99555.89,62576.37,66.27,6.1,2.0
17.535594,74.700724,764.9,99555.89,62576.37,66.27,9.1,1.9
17.514364,74.810588,764.9,99555.89,62576.37,66.27,10.0,4.2
17.784472,74.604306,764.9,99555.89,62576.37,66.27,7.4,5.3
17.744238,74.519514,764.9,99555.89,62576.37,66.27,10.3,10.0
17.707222,74.551389,764.9,99555.89,62576.37,66.27,5.1,3.5
17.733253,74.462215,764.9,99555.89,62576.37,66.27,15.5,8.6
17.70235,74.426542,764.9,99555.89,62576.37,66.27,12.5,8.1
17.792204,74.428825,764.9,99555.89,62576.37,66.27,9.5,8.4
17.791545,74.49119,764.9,99555.89,62576.37,66.27,8.4,7.0
17.966667,73.983333,764.9,99555.89,62576.37,66.27,14.0,7.1
17.95,73.9,764.9,99555.89,62576.37,66.27,3.8,3.4
17.903823,73.972671,764.9,99555.89,62576.37,66.27,3.9,3.8
18.006032,73.781202,764.9,99555.89,62576.37,66.27,7.0,1.1
17.984891,73.822513,764.9,99555.89,62576.37,66.27,13.5,13.0
17.841536,73.953363,764.9,99555.89,62576.37,66.27,4.1,3.9
17.99791,73.991807,764.9,99555.89,62576.37,66.27,13.7,13.2
17.951849,73.893705,764.9,99555.89,62576.37,66.27,7.8,6.7
17.900389,73.935972,764.9,99555.89,62576.37,66.27,6.9,6.4
17.939128,73.895521,764.9,99555.89,62576.37,66.27,4.6,2.0
18.080556,75.433611,764.9,144641.17,107574.53,78.37,15.29,14.36
18.216667,75.4,764.9,144641.17,107574.53,78.37,6.07,7.8
18.038333,75.516389,764.9,144641.17,107574.53,78.37,14.1,12.85
17.954167,75.267222,764.9,144641.17,107574.53,78.37,10.61,7.2
18.029167,75.191667,764.9,144641.17,107574.53,78.37,9.32,8.94
18.036842,75.116559,764.9,144641.17,107574.53,78.37,6.3,4.4
18.070556,75.346667,764.9,144641.17,107574.53,78.37,8.4,6.5
18.149633,75.412648,764.9,144641.17,107574.53,78.37,5.7,5.7
18.006944,75.374167,764.9,144641.17,107574.53,78.37,10.5,6.7
18.003929,75.687924,764.9,144641.17,107574.53,78.37,6.2,5.8
18.074068,75.224041,764.9,144641.17,107574.53,78.37,5.7,5.35
18.027858,75.586361,764.9,144641.17,107574.53,78.37,12.4,6.9
18.248239,75.394624,764.9,144641.17,107574.53,78.37,5.7,3.3
18.035481,75.517202,764.9,144641.17,107574.53,78.37,17.0,10.0
17.988775,75.652303,764.9,144641.17,107574.53,78.37,11.6,11.4
18.019028,75.301288,764.9,144641.17,107574.53,78.37,5.0,3.75
17.952239,75.268689,764.9,144641.17,107574.53,78.37,10.7,10.7
18.0267,75.195213,764.9,144641.17,107574.53,78.37,6.25,6.2
17.909313,75.323876,764.9,144641.17,107574.53,78.37,9.7,6.9
17.970248,75.311931,764.9,144641.17,107574.53,78.37,8.3,7.4
17.932825,75.368429,764.9,144641.17,107574.53,78.37,16.1,15.1
17.910806,75.399337,764.9,144641.17,107574.53,78.37,17.2,15.7
17.967969,75.493391,764.9,144641.17,107574.53,78.37,16.6,15.0
17.866667,74.9,764.9,144641.17,107574.53,78.37,5.75,6.0
17.893056,74.738889,764.9,144641.17,107574.53,78.37,4.85,3.6
17.681944,74.966944,764.9,144641.17,107574.53,78.37,5.95,5.3
17.694444,75.041667,764.9,144641.17,107574.53,78.37,2.49,2.53
17.643894,74.956833,764.9,144641.17,107574.53,78.37,7.7,4.1
17.93256,74.812638,764.9,144641.17,107574.53,78.37,8.6,5.7
17.863755,74.907388,764.9,144641.17,107574.53,78.37,4.7,3.7
17.678957,74.966091,764.9,144641.17,107574.53,78.37,6.0,4.4
17.706022,75.085489,764.9,144641.17,107574.53,78.37,5.4,4.5
17.776922,74.923683,764.9,144641.17,107574.53,78.37,6.4,4.6
17.944609,74.674743,764.9,144641.17,107574.53,78.37,5.8,5.3
17.958925,74.693442,764.9,144641.17,107574.53,78.37,4.7,4.0
17.753563,74.847355,764.9,144641.17,107574.53,78.37,7.7,4.3
17.933333,74.683333,764.9,144641.17,107574.53,78.37,5.35,6.12
17.899534,74.658863,764.9,144641.17,107574.53,78.37,10.8,8.6
17.82302,74.974789,764.9,144641.17,107574.53,78.37,4.6,4.2
17.872497,74.638616,764.9,144641.17,107574.53,78.37,10.1,7.1
17.88646,75.126303,764.9,144641.17,107574.53,78.37,10.8,7.25
17.8,75.05,764.9,144641.17,107574.53,78.37,4.98,5.9
17.6,75.6,764.9,144641.17,107574.53,78.37,9.83,6.3
17.683333,75.666667,764.9,144641.17,107574.53,78.37,8.3,7.4
17.616667,75.633333,764.9,144641.17,107574.53,78.37,4.0,1.58
17.734397,75.553858,764.9,144641.17,107574.53,78.37,9.3,9.0
17.750251,75.723713,764.9,144641.17,107574.53,78.37,6.0,5.5
17.871116,75.675569,764.9,144641.17,107574.53,78.37,12.8,1.7
17.603227,75.60345,764.9,144641.17,107574.53,78.37,6.8,6.8
17.644618,75.728956,764.9,144641.17,107574.53,78.37,9.2,8.2
17.674898,75.657692,764.9,144641.17,107574.53,78.37,10.0,6.2
17.90004,75.674905,764.9,144641.17,107574.53,78.37,9.0,7.0
17.74739,75.530127,764.9,144641.17,107574.53,78.37,8.4,8.2
17.797875,75.595246,764.9,144641.17,107574.53,78.37,10.8,10.7
17.623855,75.658393,764.9,144641.17,107574.53,78.37,6.9,5.2
17.6929,75.568849,764.9,144641.17,107574.53,78.37,10.8,8.5
17.84142,75.595536,764.9,144641.17,107574.53,78.37,11.8,10.9
17.895278,75.575,764.9,144641.17,107574.53,78.37,8.38,6.12
17.841667,75.5375,764.9,144641.17,107574.53,78.37,8.09,5.7
17.840575,75.536367,764.9,144641.17,107574.53,78.37,7.3,7.0
17.911667,75.432222,764.9,144641.17,107574.53,78.37,17.25,16.6
17.733333,75.333333,764.9,144641.17,107574.53,78.37,7.68,8.5
17.716667,75.216667,764.9,144641.17,107574.53,78.37,6.8,9.95
17.675,75.325,764.9,144641.17,107574.53,78.37,5.04,7.02
17.616667,75.4,764.9,144641.17,107574.53,78.37,4.9,3.0
17.629939,75.379989,764.9,144641.17,107574.53,78.37,8.0,5.2
17.696086,75.130118,764.9,144641.17,107574.53,78.37,10.0,4.9
17.712642,75.214589,764.9,144641.17,107574.53,78.37,8.6,6.9
17.807345,75.284614,764.9,144641.17,107574.53,78.37,7.75,6.9
17.600872,75.392651,764.9,144641.17,107574.53,78.37,8.1,6.9
17.639198,75.144803,764.9,144641.17,107574.53,78.37,8.7,8.4
17.7375,75.316667,764.9,144641.17,107574.53,78.37,1.9,1.8
17.88555,75.234388,764.9,144641.17,107574.53,78.37,6.6,5.3
17.867071,75.29241,764.9,144641.17,107574.53,78.37,4.4,3.35
17.674597,75.464443,764.9,144641.17,107574.53,78.37,7.4,7.4
17.883333,75.216667,764.9,144641.17,107574.53,78.37,9.2,8.0
17.598319,75.421064,764.9,144641.17,107574.53,78.37,4.6,3.3
17.783333,75.4,764.9,144641.17,107574.53,78.37,13.0,11.9
17.732793,75.408755,764.9,144641.17,107574.53,78.37,4.03,5.0
26.4471,74.6621,764.9,39575.6,53602.36,149.17,4.09,3.1
26.4051,74.6363,764.9,39575.6,53602.36,149.17,5.66,4.1
26.4809,74.6099,764.9,39575.6,53602.36,149.17,2.67,2.6
26.4254,74.5692,764.9,39575.6,53602.36,149.17,4.94,2.8
26.4225,74.5674,764.9,39575.6,53602.36,149.17,5.89,3.7
26.635,74.7222,764.9,39575.6,53602.36,149.17,32.1,31.45
26.6303,74.723,764.9,39575.6,53602.36,149.17,21.1,19.4
26.6228,74.7514,764.9,39575.6,53602.36,149.17,26.68,24.65
26.6144,74.7336,764.9,39575.6,53602.36,149.17,29.55,26.5
26.4466,74.7197,764.9,39575.6,53602.36,149.17,17.25,11.95
26.3904,74.7366,764.9,39575.6,53602.36,149.17,25.53,16.0
26.3709,74.5101,764.9,39575.6,53602.36,149.17,3.8,4.4
26.4889,74.7562,764.9,39575.6,53602.36,149.17,25.83,24.7
26.5253,74.8078,764.9,39575.6,53602.36,149.17,28.88,35.1
26.5691,74.676,764.9,39575.6,53602.36,149.17,24.2,22.6
26.3417,74.7237,764.9,39575.6,53602.36,149.17,25.4,11.6
26.5307,74.7272,764.9,39575.6,53602.36,149.17,19.13,17.15
26.4876,74.5428,764.9,39575.6,53602.36,149.17,29.36,29.1
26.5542,74.7667,764.9,39575.6,53602.36,149.17,18.67,18.1
26.44,74.5841,764.9,39575.6,53602.36,149.17,14.3,13.3
26.5921,74.7248,764.9,39575.6,53602.36,149.17,19.25,18.4
26.5107,74.65,764.9,39575.6,53602.36,149.17,15.5,22.3
26.4698,74.4158,764.9,39575.6,53602.36,149.17,20.13,39.6
26.606,74.7053,764.9,39575.6,53602.36,149.17,19.82,19.45
26.6197,74.8107,764.9,39575.6,53602.36,149.17,25.7,17.9
26.4674,74.682,764.9,39575.6,53602.36,149.17,26.05,23.8
26.4542,74.6748,764.9,39575.6,53602.36,149.17,8.55,7.25
26.3369,74.565,764.9,39575.6,53602.36,149.17,23.86,20.6
26.4076,74.6579,764.9,39575.6,53602.36,149.17,7.1,4.7
26.4109,74.6614,764.9,39575.6,53602.36,149.17,18.57,9.1
26.3632,74.6075,764.9,39575.6,53602.36,149.17,12.2,4.8
26.3634,74.6074,764.9,39575.6,53602.36,149.17,3.97,4.12
26.4462,74.465,764.9,39575.6,53602.36,149.17,28.2,27.9
26.3562,74.3811,764.9,39575.6,53602.36,149.17,12.1,16.7
26.2319,74.394,764.9,39575.6,53602.36,149.17,23.27,22.2
26.4552,74.3878,764.9,39575.6,53602.36,149.17,13.7,16.5
26.2849,74.4654,764.9,39575.6,53602.36,149.17,22.65,22.0
26.3247,74.4301,764.9,39575.6,53602.36,149.17,17.35,18.8
26.2841,74.2844,764.9,39575.6,53602.36,149.17,16.4,16.5
26.2898,74.2885,764.9,39575.6,53602.36,149.17,22.44,26.25
26.3351,74.3256,764.9,39575.6,53602.36,149.17,26.3,27.0
26.2372,74.4695,764.9,39575.6,53602.36,149.17,16.33,15.35
26.2335,74.4778,764.9,39575.6,53602.36,149.17,10.17,10.02
26.2747,74.5112,764.9,39575.6,53602.36,149.17,14.85,13.7
26.2769,74.508,764.9,39575.6,53602.36,149.17,20.65,18.8
26.2853,74.3944,764.9,39575.6,53602.36,149.17,24.15,20.1
26.4154,74.3122,764.9,39575.6,53602.36,149.17,11.7,7.8
26.4011,74.3813,764.9,39575.6,53602.36,149.17,18.6,20.1
26.399,74.3742,764.9,39575.6,53602.36,149.17,18.26,18.9
26.2395,74.7199,764.9,39575.6,53602.36,149.17,13.8,15.5
26.3267,74.7967,764.9,39575.6,53602.36,149.17,12.02,6.25
26.3379,74.7465,764.9,39575.6,53602.36,149.17,8.15,3.5
26.3934,74.8501,764.9,39575.6,53602.36,149.17,3.87,2.05
26.2567,74.789,764.9,39575.6,53602.36,149.17,14.6,7.4
26.2839,74.8862,764.9,39575.6,53602.36,149.17,3.54,2.8
26.28,74.8757,764.9,39575.6,53602.36,149.17,7.28,5.12
26.3118,74.927,764.9,39575.6,53602.36,149.17,14.9,9.5
26.3272,74.9652,764.9,39575.6,53602.36,149.17,13.1,4.2
26.3083,74.9278,764.9,39575.6,53602.36,149.17,11.85,8.99
26.2859,74.8261,764.9,39575.6,53602.36,149.17,14.12,7.4
26.4292,74.7873,764.9,39575.6,53602.36,149.17,16.75,11.5
26.3945,74.8899,764.9,39575.6,53602.36,149.17,14.75,5.1
26.3317,74.8736,764.9,39575.6,53602.36,149.17,10.5,2.2
26.3649,74.9178,764.9,39575.6,53602.36,149.17,10.2,8.5
26.2868,74.7404,764.9,39575.6,53602.36,149.17,1.82,1.22
26.2899,74.7347,764.9,39575.6,53602.36,149.17,7.9,5.1
26.2959,74.7179,764.9,39575.6,53602.36,149.17,5.4,4.7
27.1775,76.3708,764.9,84506.7,148795.88,192.6,3.6,3.5
27.1417,76.3444,764.9,84506.7,148795.88,192.6,9.9,10.5
27.1111,76.3583,764.9,84506.7,148795.88,192.6,13.5,14.5
27.2806,76.5722,764.9,84506.7,148795.88,192.6,29.1,28.7
27.1181,76.3275,764.9,84506.7,148795.88,192.6,13.26,17.36
27.1806,76.3778,764.9,84506.7,148795.88,192.6,11.9,10.4
27.1336,76.5144,764.9,84506.7,148795.88,192.6,12.8,12.0
27.1894,76.5839,764.9,84506.7,148795.88,192.6,40.2,40.1
27.2361,76.625,764.9,84506.7,148795.88,192.6,38.95,36.7
27.1714,76.5231,764.9,84506.7,148795.88,192.6,20.5,19.4
27.2203,76.5733,764.9,84506.7,148795.88,192.6,20.4,23.2
27.1806,76.6222,764.9,84506.7,148795.88,192.6,19.6,19.7
27.1039,76.3864,764.9,84506.7,148795.88,192.6,16.2,13.9
27.2417,76.4111,764.9,84506.7,148795.88,192.6,13.8,14.0
27.225,76.4611,764.9,84506.7,148795.88,192.6,9.05,8.3
27.238,76.4,764.9,84506.7,148795.88,192.6,4.7,5.72
27.2478,76.4164,764.9,84506.7,148795.88,192.6,9.0,6.7
27.2208,76.4611,764.9,84506.7,148795.88,192.6,13.9,14.0
27.0417,76.4083,764.9,84506.7,148795.88,192.6,10.85,11.4
24.8814,76.6688,764.9,53930.61,57970.13,118.71,5.5,3.9
24.8519,76.5725,764.9,53930.61,57970.13,118.71,15.5,13.4
24.858,76.661,764.9,53930.61,57970.13,118.71,4.84,3.64
24.7917,76.7066,764.9,53930.61,57970.13,118.71,20.5,32.6
24.9591,76.6357,764.9,53930.61,57970.13,118.71,13.5,9.8
24.8282,76.7154,764.9,53930.61,57970.13,118.71,13.7,14.55
24.9809,76.5892,764.9,53930.61,57970.13,118.71,27.0,22.0
24.9907,76.5502,764.9,53930.61,57970.13,118.71,38.7,27.9
24.7598,76.7273,764.9,53930.61,57970.13,118.71,17.4,49.9
24.9356,76.5341,764.9,53930.61,57970.13,118.71,39.6,32.3
24.9316,76.4764,764.9,53930.61,57970.13,118.71,20.1,13.3
24.8244,76.4776,764.9,53930.61,57970.13,118.71,6.6,4.5
24.7877,76.5413,764.9,53930.61,57970.13,118.71,8.2,7.9
24.9762,76.5235,764.9,53930.61,57970.13,118.71,65.6,37.35
24.9005,76.5509,764.9,53930.61,57970.13,118.71,20.5,11.9
24.7455,76.6773,764.9,53930.61,57970.13,118.71,6.9,2.9
24.9051,76.5047,764.9,53930.61,57970.13,118.71,16.5,3.35
24.9142,76.6255,764.9,53930.61,57970.13,118.71,22.7,17.7
24.8413,76.6563,764.9,53930.61,57970.13,118.71,22.0,14.75
24.992,76.475,764.9,53930.61,57970.13,118.71,5.96,4.8
25.1114,76.402,764.9,53930.61,57970.13,118.71,8.7,7.2
25.0795,76.3941,764.9,53930.61,57970.13,118.71,21.7,17.9
25.0422,76.3924,764.9,53930.61,57970.13,118.71,24.6,15.1
25.1127,76.5749,764.9,53930.61,57970.13,118.71,8.0,2.7
25.0503,76.482,764.9,53930.61,57970.13,118.71,32.5,21.65
25.0304,76.4713,764.9,53930.61,57970.13,118.71,38.4,36.7
25.2258,76.5521,764.9,53930.61,57970.13,118.71,11.5,11.1
25.2033,76.5511,764.9,53930.61,57970.13,118.71,13.7,12.65
25.1391,76.4916,764.9,53930.61,57970.13,118.71,18.6,10.4
25.1379,76.5417,764.9,53930.61,57970.13,118.71,7.4,4.6
25.0789,76.6031,764.9,53930.61,57970.13,118.71,12.1,10.0
24.9866,76.38,764.9,53930.61,57970.13,118.71,6.5,5.7
25.0221,76.4136,764.9,53930.61,57970.13,118.71,27.1,24.3
25.216,76.5039,764.9,53930.61,57970.13,118.71,8.6,5.7
25.1734,76.5511,764.9,53930.61,57970.13,118.71,3.8,1.6
24.9753,76.4282,764.9,53930.61,57970.13,118.71,12.2,8.6
25.8322,74.8263,764.9,60211.07,75374.88,138.65,6.0,6.2
25.736,75.0178,764.9,60211.07,75374.88,138.65,2.2,3.0
25.7674,75.0223,764.9,60211.07,75374.88,138.65,7.1,3.1
25.6585,75.0663,764.9,60211.07,75374.88,138.65,8.8,6.9
25.8561,74.9094,764.9,60211.07,75374.88,138.65,5.9,6.0
25.5437,74.8328,764.9,60211.07,75374.88,138.65,4.65,2.3
25.7421,74.9742,764.9,60211.07,75374.88,138.65,4.2,5.1
25.501,74.81,764.9,60211.07,75374.88,138.65,7.3,6.4
25.5603,74.7997,764.9,60211.07,75374.88,138.65,13.8,11.55
25.5605,74.7899,764.9,60211.07,75374.88,138.65,7.1,9.2
25.756,74.906,764.9,60211.07,75374.88,138.65,2.34,5.1
25.7515,74.8014,764.9,60211.07,75374.88,138.65,8.9,8.0
25.8717,74.7674,764.9,60211.07,75374.88,138.65,14.15,13.55
25.6929,75.0578,764.9,60211.07,75374.88,138.65,4.05,1.85
25.6846,75.0964,764.9,60211.07,75374.88,138.65,18.3,4.75
25.6373,74.9243,764.9,60211.07,75374.88,138.65,6.0,4.75
25.5591,74.9301,764.9,60211.07,75374.88,138.65,3.05,2.0
25.8165,74.9609,764.9,60211.07,75374.88,138.65,7.8,7.4
25.5641,74.8032,764.9,60211.07,75374.88,138.65,7.1,6.1
25.5941,74.8074,764.9,60211.07,75374.88,138.65,8.6,12.55
25.604,74.9,764.9,60211.07,75374.88,138.65,6.08,8.98
25.6985,74.9922,764.9,60211.07,75374.88,138.65,8.7,3.2
25.851,74.8695,764.9,60211.07,75374.88,138.65,17.1,17.0
25.7737,74.98,764.9,60211.07,75374.88,138.65,10.35,3.65
25.674,74.8594,764.9,60211.07,75374.88,138.65,6.35,4.35
24.8726,74.6255,764.9,57799.35,73046.64,139.19,8.65,5.9
24.8573,74.6088,764.9,57799.35,73046.64,139.19,10.59,7.83
24.9955,74.7339,764.9,57799.35,73046.64,139.19,13.95,4.2
25.0156,74.7714,764.9,57799.35,73046.64,139.19,14.35,7.9
25.0135,74.7631,764.9,57799.35,73046.64,139.19,12.17,4.78
24.893,74.8089,764.9,57799.35,73046.64,139.19,9.45,4.3
24.807,74.685,764.9,57799.35,73046.64,139.19,19.14,11.89
24.9057,74.5579,764.9,57799.35,73046.64,139.19,19.11,17.52
24.9056,74.6444,764.9,57799.35,73046.64,139.19,11.07,9.48
24.95,74.685,764.9,57799.35,73046.64,139.19,12.26,9.75
24.967,74.7045,764.9,57799.35,73046.64,139.19,15.65,6.1
24.8386,74.6366,764.9,57799.35,73046.64,139.19,10.85,7.1
24.8421,74.626,764.9,57799.35,73046.64,139.19,17.49,7.67
24.8341,74.5831,764.9,57799.35,73046.64,139.19,36.17,33.17
24.9417,74.5194,764.9,57799.35,73046.64,139.19,28.22,27.22
24.9398,74.5176,764.9,57799.35,73046.64,139.19,21.02,14.19
27.0166,76.682,764.9,25660.74,40804.96,176.47,31.6,33.1
27.0447,76.5619,764.9,25660.74,40804.96,176.47,50.6,43.8
27.0042,76.4789,764.9,25660.74,40804.96,176.47,28.1,28.6
27.0069,76.5667,764.9,25660.74,40804.96,176.47,53.7,53.6
27.1302,76.5875,764.9,25660.74,40804.96,176.47,42.1,42.8
27.061,76.4917,764.9,25660.74,40804.96,176.47,25.9,26.1
27.1594,76.5833,764.9,25660.74,40804.96,176.47,42.85,44.18
27.1232,76.6093,764.9,25660.74,40804.96,176.47,26.0,27.3
27.0924,76.5485,764.9,25660.74,40804.96,176.47,38.8,40.5
27.0825,76.6212,764.9,25660.74,40804.96,176.47,36.1,36.8
26.8958,76.325,764.9,25660.74,40804.96,176.47,10.7,12.3
26.975,76.2917,764.9,25660.74,40804.96,176.47,8.22,11.82
26.9806,76.2833,764.9,25660.74,40804.96,176.47,8.9,10.63
27.0283,76.3778,764.9,25660.74,40804.96,176.47,24.35,21.1
26.8978,76.4175,764.9,25660.74,40804.96,176.47,12.1,12.1
27.0213,76.2668,764.9,25660.74,40804.96,176.47,18.1,21.1
26.9674,76.2334,764.9,25660.74,40804.96,176.47,15.65,14.7
27.0334,76.3228,764.9,25660.74,40804.96,176.47,28.5,29.1
26.9019,76.4935,764.9,25660.74,40804.96,176.47,17.4,17.6
26.9827,76.386,764.9,25660.74,40804.96,176.47,27.85,26.2
26.9602,76.2922,764.9,25660.74,40804.96,176.47,20.4,19.1
27.0064,76.4267,764.9,25660.74,40804.96,176.47,35.2,35.7
26.9112,76.3611,764.9,25660.74,40804.96,176.47,11.1,12.25
26.9365,76.246,764.9,25660.74,40804.96,176.47,19.2,19.75
27.0457,76.2989,764.9,25660.74,40804.96,176.47,22.6,23.9
26.818,76.305,764.9,25660.74,40804.96,176.47,10.1,10.0
26.8912,76.2544,764.9,25660.74,40804.96,176.47,22.9,25.9
26.8526,76.2597,764.9,25660.74,40804.96,176.47,25.8,25.5
26.8928,76.281,764.9,25660.74,40804.96,176.47,22.9,24.2
26.8205,76.3762,764.9,25660.74,40804.96,176.47,13.9,14.4
26.74,76.3171,764.9,25660.74,40804.96,176.47,39.9,38.1
26.7906,76.4219,764.9,25660.74,40804.96,176.47,15.2,14.8
26.9214,76.5758,764.9,25660.74,40804.96,176.47,35.6,35.95
26.8522,76.5028,764.9,25660.74,40804.96,176.47,19.5,21.3
26.9333,76.523,764.9,25660.74,40804.96,176.47,35.7,37.2
26.7,77.892,764.9,26829.87,30538.21,125.37,14.02,15.18
26.6958,77.8887,764.9,26829.87,30538.21,125.37,13.0,10.9
26.7021,77.8929,764.9,26829.87,30538.21,125.37,11.6,11.0
26.6945,77.9708,764.9,26829.87,30538.21,125.37,4.7,3.4
26.6459,77.8021,764.9,26829.87,30538.21,125.37,7.3,6.9
26.6721,77.7659,764.9,26829.87,30538.21,125.37,6.0,4.7
26.896,77.917,764.9,26829.87,30538.21,125.37,33.1,29.8
26.736,77.8985,764.9,26829.87,30538.21,125.37,4.8,4.9
26.704,77.8081,764.9,26829.87,30538.21,125.37,2.95,3.75
26.6411,77.7659,764.9,26829.87,30538.21,125.37,3.95,4.45
26.6303,77.7976,764.9,26829.87,30538.21,125.37,2.3,2.4
26.7444,77.9265,764.9,26829.87,30538.21,125.37,8.5,8.2
26.817,77.958,764.9,26829.87,30538.21,125.37,23.5,22.93
26.6363,77.8678,764.9,26829.87,30538.21,125.37,9.9,10.3
26.7174,77.845,764.9,26829.87,30538.21,125.37,9.0,7.8
26.6954,77.8505,764.9,26829.87,30538.21,125.37,1.3,0.9
26.7607,77.974,764.9,26829.87,30538.21,125.37,19.2,20.1
26.8625,77.7168,764.9,26829.87,30538.21,125.37,5.3,5.2
26.7567,77.808,764.9,26829.87,30538.21,125.37,37.9,34.0
26.8223,77.7231,764.9,26829.87,30538.21,125.37,5.1,3.8
26.7756,77.834,764.9,26829.87,30538.21,125.37,30.29,28.09
26.8417,77.7092,764.9,26829.87,30538.21,125.37,3.75,2.25
26.8175,77.7453,764.9,26829.87,30538.21,125.37,11.0,10.8
26.7939,77.7825,764.9,26829.87,30538.21,125.37,14.7,13.8
29.697,74.294,764.9,21019.92,12401.02,65.11,21.12,21.28
29.683,74.163,764.9,21019.92,12401.02,65.11,25.44,25.64
29.379,74.271,764.9,21019.92,12401.02,65.11,1.6,1.3
29.7534,74.2719,764.9,21019.92,12401.02,65.11,20.29,18.76
29.758,74.267,764.9,21019.92,12401.02,65.11,21.03,20.76
29.7049,74.2431,764.9,21019.92,12401.02,65.11,19.82,20.18
29.5529,74.4139,764.9,21019.92,12401.02,65.11,14.89,14.75
29.4681,74.3115,764.9,21019.92,12401.02,65.11,7.94,8.02
29.5567,74.3313,764.9,21019.92,12401.02,65.11,17.05,17.35
29.561,74.333,764.9,21019.92,12401.02,65.11,18.73,18.95
29.648,74.3445,764.9,21019.92,12401.02,65.11,23.59,24.3
29.3989,74.37,764.9,21019.92,12401.02,65.11,2.49,2.4
29.6815,74.1626,764.9,21019.92,12401.02,65.11,25.22,25.34
29.5444,74.2834,764.9,21019.92,12401.02,65.11,16.31,17.93
29.625,74.3194,764.9,21019.92,12401.02,65.11,23.72,23.92
29.625,74.317,764.9,21019.92,12401.02,65.11,21.6,22.8
29.683,74.1,764.9,21019.92,12401.02,65.11,24.01,7.98
29.8332,74.4162,764.9,21019.92,12401.02,65.11,15.8,15.8
29.8375,74.4097,764.9,21019.92,12401.02,65.11,15.55,15.42
29.85,74.45,764.9,21019.92,12401.02,65.11,11.2,3.0
29.875,74.4667,764.9,21019.92,12401.02,65.11,13.3,13.14
29.9236,74.4792,764.9,21019.92,12401.02,65.11,6.44,6.42
29.89,74.2916,764.9,21019.92,12401.02,65.11,19.8,19.23
29.7004,74.3774,764.9,21019.92,12401.02,65.11,13.89,13.85
29.6633,74.3901,764.9,21019.92,12401.02,65.11,16.78,16.75
29.6955,74.4304,764.9,21019.92,12401.02,65.11,13.73,14.84
29.7639,74.4614,764.9,21019.92,12401.02,65.11,12.58,12.52
29.8458,74.2417,764.9,21019.92,12401.02,65.11,23.53,22.46
29.4372,74.5057,764.9,21019.92,12401.02,65.11,1.82,1.98
29.7,74.4875,764.9,21019.92,12401.02,65.11,6.8,2.52
26.9778,75.7794,764.9,79429.66,158209.54,219.83,82.0,82.0
27.0106,75.7583,764.9,79429.66,158209.54,219.83,73.1,76.35
27.0853,75.8508,764.9,79429.66,158209.54,219.83,54.2,54.6
27.1614,75.9267,764.9,79429.66,158209.54,219.83,42.0,41.3
27.0356,75.89,764.9,79429.66,158209.54,219.83,13.9,14.2
26.9925,75.8786,764.9,79429.66,158209.54,219.83,37.9,29.5
27.2578,75.5089,764.9,79429.66,158209.54,219.83,42.05,57.2
27.2344,75.5825,764.9,79429.66,158209.54,219.83,49.3,49.4
27.2684,75.5728,764.9,79429.66,158209.54,219.83,34.32,33.0
27.3033,75.6167,764.9,79429.66,158209.54,219.83,42.1,45.5
27.2594,75.72,764.9,79429.66,158209.54,219.83,75.1,82.8
27.2944,75.5156,764.9,79429.66,158209.54,219.83,38.95,100.0
27.1756,75.5317,764.9,79429.66,158209.54,219.83,46.05,45.6
27.2756,75.7319,764.9,79429.66,158209.54,219.83,49.9,53.1
27.1931,75.8011,764.9,79429.66,158209.54,219.83,48.9,50.6
27.2906,75.7742,764.9,79429.66,158209.54,219.83,43.3,50.1
27.1839,75.5717,764.9,79429.66,158209.54,219.83,45.65,45.0
27.0602,75.7698,764.9,79429.66,158209.54,219.83,48.6,48.35
27.0924,75.7537,764.9,79429.66,158209.54,219.83,42.7,42.6
27.0744,75.5742,764.9,79429.66,158209.54,219.83,70.3,62.4
26.9417,70.9094,764.9,6764.24,17828.21,292.85,36.18,36.2
26.8656,71.1769,764.9,6764.24,17828.21,292.85,81.0,82.5
26.8917,71.0714,764.9,6764.24,17828.21,292.85,63.22,66.1
26.9375,71.1547,764.9,6764.24,17828.21,292.85,59.55,60.95
26.7669,70.945,764.9,6764.24,17828.21,292.85,102.33,102.69
26.9887,71.3155,764.9,6764.24,17828.21,292.85,47.55,47.42
26.8206,71.0533,764.9,6764.24,17828.21,292.85,104.9,104.9
26.848,71.0152,764.9,6764.24,17828.21,292.85,87.42,86.52
26.8216,70.7125,764.9,6764.24,17828.21,292.85,15.22,13.22
26.8145,70.705,764.9,6764.24,17828.21,292.85,17.69,19.68
26.9042,71.3581,764.9,6764.24,17828.21,292.85,61.86,61.35
26.9078,71.3539,764.9,6764.24,17828.21,292.85,68.57,72.59
26.9958,71.0758,764.9,6764.24,17828.21,292.85,43.21,43.51
27.0,71.0542,764.9,6764.24,17828.21,292.85,41.95,42.05
26.9442,71.2989,764.9,6764.24,17828.21,292.85,53.53,50.95
26.9933,71.2957,764.9,6764.24,17828.21,292.85,23.58,25.1
26.9778,71.245,764.9,6764.24,17828.21,292.85,43.95,44.7
26.9831,71.2331,764.9,6764.24,17828.21,292.85,32.88,33.15
26.7078,70.9309,764.9,6764.24,17828.21,292.85,107.4,107.52
27.0798,70.8186,764.9,6764.24,17828.21,292.85,36.98,35.67
26.9017,70.9322,764.9,6764.24,17828.21,292.85,92.59,92.74
26.9208,70.905,764.9,6764.24,17828.21,292.85,27.88,25.22
26.9125,70.835,764.9,6764.24,17828.21,292.85,15.7,12.9
26.8743,70.7777,764.9,6764.24,17828.21,292.85,49.22,49.12
26.9737,71.14,764.9,6764.24,17828.21,292.85,46.8,46.74
26.97,71.135,764.9,6764.24,17828.21,292.85,53.6,53.5
26.9642,71.4206,764.9,6764.24,17828.21,292.85,66.2,68.4
27.0217,71.4078,764.9,6764.24,17828.21,292.85,49.28,49.22
27.0131,71.45,764.9,6764.24,17828.21,292.85,51.36,52.28
27.2565,70.9614,764.9,6764.24,17828.21,292.85,49.69,49.63
27.1867,70.9969,764.9,6764.24,17828.21,292.85,49.35,49.47
27.1869,70.9977,764.9,6764.24,17828.21,292.85,30.5,31.34
27.0694,71.0225,764.9,6764.24,17828.21,292.85,10.24,10.22
27.1143,70.9211,764.9,6764.24,17828.21,292.85,35.22,35.66
27.1199,70.9022,764.9,6764.24,17828.21,292.85,38.85,39.0
27.2081,71.0953,764.9,6764.24,17828.21,292.85,14.2,14.11
27.54,71.1556,764.9,6764.24,17828.21,292.85,8.55,7.88
27.4075,70.9076,764.9,6764.24,17828.21,292.85,43.58,42.3
27.411,71.0027,764.9,6764.24,17828.21,292.85,1.66,1.36
27.3832,70.8538,764.9,6764.24,17828.21,292.85,42.85,49.13
27.3264,71.5439,764.9,6764.24,17828.21,292.85,10.87,9.36
27.2644,71.7064,764.9,6764.24,17828.21,292.85,52.91,49.1
27.2308,71.7106,764.9,6764.24,17828.21,292.85,78.25,78.98
27.3658,71.7435,764.9,6764.24,17828.21,292.85,36.39,39.44
27.5161,71.832,764.9,6764.24,17828.21,292.85,6.55,5.22
27.4831,71.7831,764.9,6764.24,17828.21,292.85,9.3,8.72
27.5167,71.8331,764.9,6764.24,17828.21,292.85,6.3,6.68
27.6456,72.125,764.9,6764.24,17828.21,292.85,32.55,29.45
27.6125,72.0331,764.9,6764.24,17828.21,292.85,21.25,20.9
27.4519,71.4631,764.9,6764.24,17828.21,292.85,36.14,36.19
27.5082,71.7232,764.9,6764.24,17828.21,292.85,8.8,7.88
27.5031,71.7333,764.9,6764.24,17828.21,292.85,2.1,2.2
27.5167,71.7206,764.9,6764.24,17828.21,292.85,10.6,9.15
27.4883,71.6958,764.9,6764.24,17828.21,292.85,5.55,4.33
27.4875,71.685,764.9,6764.24,17828.21,292.85,5.22,4.88
27.42,71.6589,764.9,6764.24,17828.21,292.85,17.6,16.22
24.6004,76.4902,764.9,55278.3,51255.53,100.23,15.85,8.5
24.7971,76.2366,764.9,55278.3,51255.53,100.23,9.15,5.8
24.7388,76.4198,764.9,55278.3,51255.53,100.23,10.8,6.2
24.5628,76.5086,764.9,55278.3,51255.53,100.23,9.85,7.4
24.5472,76.5138,764.9,55278.3,51255.53,100.23,10.5,8.5
24.7744,76.3227,764.9,55278.3,51255.53,100.23,6.65,5.5
24.7436,76.2508,764.9,55278.3,51255.53,100.23,13.85,18.35
24.7463,76.2062,764.9,55278.3,51255.53,100.23,9.45,4.75
24.7672,76.2767,764.9,55278.3,51255.53,100.23,10.7,8.1
24.5798,76.368,764.9,55278.3,51255.53,100.23,8.3,4.9
24.6212,76.335,764.9,55278.3,51255.53,100.23,8.1,2.9
24.6888,76.3423,764.9,55278.3,51255.53,100.23,9.25,5.2
24.68,76.3306,764.9,55278.3,51255.53,100.23,8.4,6.2
24.6534,76.2205,764.9,55278.3,51255.53,100.23,14.95,12.95
24.6576,76.2587,764.9,55278.3,51255.53,100.23,7.25,7.0
24.659,76.2568,764.9,55278.3,51255.53,100.23,21.1,15.55
24.8397,76.3149,764.9,55278.3,51255.53,100.23,8.4,0.7
24.8427,76.3557,764.9,55278.3,51255.53,100.23,12.45,10.35
24.845,76.3467,764.9,55278.3,51255.53,100.23,13.95,21.15
24.8412,76.3272,764.9,55278.3,51255.53,100.23,7.44,16.6
24.8275,76.3551,764.9,55278.3,51255.53,100.23,7.47,10.94
24.8232,76.3382,764.9,55278.3,51255.53,100.23,9.3,12.7
24.8301,76.4148,764.9,55278.3,51255.53,100.23,14.7,11.9
24.5479,76.4639,764.9,55278.3,51255.53,100.23,19.5,12.1
24.6841,76.4149,764.9,55278.3,51255.53,100.23,22.4,16.2
24.6411,76.3066,764.9,55278.3,51255.53,100.23,7.05,5.5
24.7132,76.2469,764.9,55278.3,51255.53,100.23,14.4,8.9
24.6452,76.4165,764.9,55278.3,51255.53,100.23,12.5,6.15
24.5763,76.4213,764.9,55278.3,51255.53,100.23,13.3,12.9
24.5695,76.4196,764.9,55278.3,51255.53,100.23,23.7,23.55
24.6062,76.3678,764.9,55278.3,51255.53,100.23,7.55,6.4
24.7036,76.4247,764.9,55278.3,51255.53,100.23,14.3,8.15
24.6994,76.4216,764.9,55278.3,51255.53,100.23,16.5,7.1
24.6368,76.4752,764.9,55278.3,51255.53,100.23,15.1,12.1
24.783,76.394,764.9,55278.3,51255.53,100.23,18.85,9.1
24.5174,76.4931,764.9,55278.3,51255.53,100.23,11.55,7.95
26.8197,77.0816,764.9,39700.76,56741.58,158.28,9.03,10.88
26.7697,77.0833,764.9,39700.76,56741.58,158.28,18.77,19.8
26.7285,77.0301,764.9,39700.76,56741.58,158.28,2.42,2.3
26.8278,77.0138,764.9,39700.76,56741.58,158.28,22.7,23.65
26.7003,77.0167,764.9,39700.76,56741.58,158.28,4.39,5.95
26.781,77.0736,764.9,39700.76,56741.58,158.28,20.9,21.95
26.6419,77.0,764.9,39700.76,56741.58,158.28,23.15,22.83
26.7011,76.9024,764.9,39700.76,56741.58,158.28,35.42,36.55
24.935,76.2918,764.9,57319.18,53513.68,103.43,16.67,15.0
24.8293,76.271,764.9,57319.18,53513.68,103.43,9.17,2.85
24.8438,76.26,764.9,57319.18,53513.68,103.43,14.47,20.1
24.9019,76.1105,764.9,57319.18,53513.68,103.43,9.4,6.4
24.8369,76.1453,764.9,57319.18,53513.68,103.43,5.0,1.4
24.9038,76.2709,764.9,57319.18,53513.68,103.43,14.3,7.55
24.877,76.2432,764.9,57319.18,53513.68,103.43,12.2,12.2
24.8981,76.334,764.9,57319.18,53513.68,103.43,10.6,10.5
24.8981,76.373,764.9,57319.18,53513.68,103.43,10.2,12.1
24.9081,76.3297,764.9,57319.18,53513.68,103.43,6.52,12.22
24.9241,76.3084,764.9,57319.18,53513.68,103.43,8.1,5.1
24.8138,76.2035,764.9,57319.18,53513.68,103.43,22.8,14.0
24.8773,76.3226,764.9,57319.18,53513.68,103.43,9.8,8.2
24.8976,76.296,764.9,57319.18,53513.68,103.43,9.69,4.6
24.8852,76.3077,764.9,57319.18,53513.68,103.43,10.66,9.2
24.9015,76.3067,764.9,57319.18,53513.68,103.43,10.3,7.5
24.9251,76.1894,764.9,57319.18,53513.68,103.43,15.68,12.7
24.9234,76.3599,764.9,57319.18,53513.68,103.43,4.8,3.1
24.9408,76.36,764.9,57319.18,53513.68,103.43,4.5,8.4
24.8693,76.1309,764.9,57319.18,53513.68,103.43,8.95,8.15
24.9235,76.4035,764.9,57319.18,53513.68,103.43,10.06,7.4
24.9734,76.102,764.9,57319.18,53513.68,103.43,10.2,11.0
24.8645,76.3149,764.9,57319.18,53513.68,103.43,9.8,8.3
24.9529,76.269,764.9,57319.18,53513.68,103.43,12.8,12.5
24.9121,76.2372,764.9,57319.18,53513.68,103.43,17.0,19.0
24.9198,76.2567,764.9,57319.18,53513.68,103.43,15.74,11.9
24.885,76.3075,764.9,57319.18,53513.68,103.43,8.88,7.13
24.9372,76.4304,764.9,57319.18,53513.68,103.43,13.35,10.5
24.8891,76.4216,764.9,57319.18,53513.68,103.43,19.38,10.2
25.1009,76.2099,764.9,57319.18,53513.68,103.43,11.06,7.7
25.1,76.205,764.9,57319.18,53513.68,103.43,11.9,9.5
24.8567,76.4161,764.9,57319.18,53513.68,103.43,16.08,5.5
24.8513,76.0447,764.9,57319.18,53513.68,103.43,7.4,4.2
24.8797,76.1124,764.9,57319.18,53513.68,103.43,9.4,5.5
25.048,73.878,764.9,11238.18,12278.7,121.4,14.75,11.0
25.0514,73.8891,764.9,11238.18,12278.7,121.4,10.27,5.07
25.065,73.8632,764.9,11238.18,12278.7,121.4,10.72,4.85
25.1021,73.8972,764.9,11238.18,12278.7,121.4,14.0,12.15
25.0141,73.9346,764.9,11238.18,12278.7,121.4,9.54,8.5
24.9674,73.9785,764.9,11238.18,12278.7,121.4,17.0,10.0
25.082,73.9443,764.9,11238.18,12278.7,121.4,11.05,12.5
25.1857,73.8187,764.9,11238.18,12278.7,121.4,9.82,10.15
25.131,73.85,764.9,11238.18,12278.7,121.4,6.19,3.69
25.1827,73.8563,764.9,11238.18,12278.7,121.4,19.89,13.57
25.0287,73.782,764.9,11238.18,12278.7,121.4,14.46,11.5
25.1547,73.8478,764.9,11238.18,12278.7,121.4,2.87,4.0
25.1475,73.897,764.9,11238.18,12278.7,121.4,14.62,7.78
25.1475,73.897,764.9,11238.18,12278.7,121.4,14.62,7.78
25.1147,74.0192,764.9,11238.18,12278.7,121.4,16.08,18.8
25.1086,73.9629,764.9,11238.18,12278.7,121.4,15.75,12.82
25.0404,73.9535,764.9,11238.18,12278.7,121.4,15.32,12.5
25.2016,73.8148,764.9,11238.18,12278.7,121.4,14.12,11.4
25.2167,73.7955,764.9,11238.18,12278.7,121.4,8.72,9.36
25.1167,73.8609,764.9,11238.18,12278.7,121.4,12.28,3.28
25.0204,73.8561,764.9,11238.18,12278.7,121.4,18.94,10.45
25.1561,74.0303,764.9,11238.18,12278.7,121.4,22.6,20.0
25.1451,74.0556,764.9,11238.18,12278.7,121.4,18.5,14.4
25.121,74.0594,764.9,11238.18,12278.7,121.4,19.18,17.32
25.095,73.8013,764.9,11238.18,12278.7,121.4,7.39,8.0
25.0103,73.9709,764.9,11238.18,12278.7,121.4,6.98,5.06
25.1279,73.747,764.9,11238.18,12278.7,121.4,10.82,10.55
25.0677,73.7784,764.9,11238.18,12278.7,121.4,4.61,6.0
25.9744,76.2936,764.9,49004.17,60525.22,134.55,19.0,19.0
25.9718,76.295,764.9,49004.17,60525.22,134.55,18.8,18.65
25.9179,76.277,764.9,49004.17,60525.22,134.55,16.1,15.9
26.2089,76.104,764.9,49004.17,60525.22,134.55,18.5,18.5
25.9051,76.5028,764.9,49004.17,60525.22,134.55,7.15,11.1
26.0721,76.7612,764.9,49004.17,60525.22,134.55,31.25,31.7
25.9644,76.6487,764.9,49004.17,60525.22,134.55,42.4,42.9
25.9448,76.6741,764.9,49004.17,60525.22,134.55,31.15,34.5
25.8958,76.4889,764.9,49004.17,60525.22,134.55,14.05,12.1
25.913,76.4511,764.9,49004.17,60525.22,134.55,15.2,15.2
25.9132,76.4512,764.9,49004.17,60525.22,134.55,15.7,15.2
25.8896,76.5216,764.9,49004.17,60525.22,134.55,44.0,44.0
25.8908,76.3478,764.9,49004.17,60525.22,134.55,11.58,8.9
25.9154,76.62,764.9,49004.17,60525.22,134.55,32.3,36.1
25.943,76.3704,764.9,49004.17,60525.22,134.55,3.95,3.15
25.9328,76.4328,764.9,49004.17,60525.22,134.55,6.91,4.79
26.0153,76.6023,764.9,49004.17,60525.22,134.55,16.6,14.73
26.0135,76.6004,764.9,49004.17,60525.22,134.55,11.02,10.1
26.0219,76.5939,764.9,49004.17,60525.22,134.55,13.62,10.96
25.8307,76.4203,764.9,49004.17,60525.22,134.55,4.2,5.1
25.9425,76.5605,764.9,49004.17,60525.22,134.55,31.72,35.6
26.0935,76.6658,764.9,49004.17,60525.22,134.55,20.8,20.0
26.0651,76.6318,764.9,49004.17,60525.22,134.55,20.2,19.3
26.1914,76.4638,764.9,49004.17,60525.22,134.55,15.8,17.9
26.0237,76.4566,764.9,49004.17,60525.22,134.55,7.8,7.1
26.0169,76.4578,764.9,49004.17,60525.22,134.55,8.06,7.07
26.0273,76.3593,764.9,49004.17,60525.22,134.55,19.2,22.85
26.1302,76.466,764.9,49004.17,60525.22,134.55,19.3,20.5
26.0477,76.4187,764.9,49004.17,60525.22,134.55,19.6,19.6
26.1285,76.3064,764.9,49004.17,60525.22,134.55,14.33,18.9
26.0994,76.3629,764.9,49004.17,60525.22,134.55,14.5,15.2
26.0878,76.3608,764.9,49004.17,60525.22,134.55,6.79,11.47
27.5708,75.8403,764.9,30991.84,49530.44,177.58,18.05,19.9
27.5036,75.9117,764.9,30991.84,49530.44,177.58,24.02,22.4
27.474,75.9078,764.9,30991.84,49530.44,177.58,17.44,20.4
27.641,75.914,764.9,30991.84,49530.44,177.58,24.55,25.55
27.6528,75.7072,764.9,30991.84,49530.44,177.58,45.84,46.46
27.7576,75.8571,764.9,30991.84,49530.44,177.58,24.04,21.6
27.6256,75.7937,764.9,30991.84,49530.44,177.58,50.48,47.75
27.6568,75.807,764.9,30991.84,49530.44,177.58,19.45,19.5
27.6525,75.8686,764.9,30991.84,49530.44,177.58,21.32,21.07
27.6146,75.7453,764.9,30991.84,49530.44,177.58,41.01,41.78
27.8865,75.9523,764.9,30991.84,49530.44,177.58,21.88,22.73
27.7226,75.8952,764.9,30991.84,49530.44,177.58,6.25,4.6
27.8306,75.9728,764.9,30991.84,49530.44,177.58,26.9,25.33
27.7277,75.9898,764.9,30991.84,49530.44,177.58,16.98,18.75
27.7674,76.0331,764.9,30991.84,49530.44,177.58,24.69,25.58
27.7711,75.9572,764.9,30991.84,49530.44,177.58,21.74,18.55
27.7422,75.9547,764.9,30991.84,49530.44,177.58,20.35,21.25
25.48333,80.32083,764.9,63331.9,40153.75,67.36,9.5,7.43
25.46722,80.28972,764.9,63331.9,40153.75,67.36,1.5,4.33
25.41889,80.36139,764.9,63331.9,40153.75,67.36,3.79,2.6
25.4675,80.38444,764.9,63331.9,40153.75,67.36,1.25,0.67
25.45389,80.21194,764.9,63331.9,40153.75,67.36,16.52,15.27
25.43,80.41861,764.9,63331.9,40153.75,67.36,5.7,6.54
25.44333,80.39002,764.9,63331.9,40153.75,67.36,7.74,6.92
25.55306,80.39583,764.9,63331.9,40153.75,67.36,6.05,6.07
25.48028,80.43778,764.9,63331.9,40153.75,67.36,3.55,3.97
25.49,80.444,764.9,63331.9,40153.75,67.36,6.93,7.29
25.42083,80.43111,764.9,63331.9,40153.75,67.36,1.14,0.71
25.44861,80.45722,764.9,63331.9,40153.75,67.36,1.28,0.88
25.52056,80.39333,764.9,63331.9,40153.75,67.36,6.25,4.07
25.5325,80.35278,764.9,63331.9,40153.75,67.36,3.42,3.05
25.77388,80.34864,764.9,63331.9,40153.75,67.36,17.4,17.3
25.80262,80.43075,764.9,63331.9,40153.75,67.36,20.35,20.7
25.833,80.371,764.9,63331.9,40153.75,67.36,25.05,26.45
25.82861,80.32389,764.9,63331.9,40153.75,67.36,17.4,17.3
25.82861,80.32389,764.9,63331.9,40153.75,67.36,9.0,9.15
25.82861,80.32389,764.9,63331.9,40153.75,67.36,23.3,23.5
25.82861,80.32389,764.9,63331.9,40153.75,67.36,19.3,19.6
25.82861,80.32389,764.9,63331.9,40153.75,67.36,9.0,10.2
25.85,80.42778,764.9,63331.9,40153.75,67.36,12.05,10.5
25.871,80.401,764.9,63331.9,40153.75,67.36,27.7,27.75
25.31972,80.47833,764.9,63331.9,40153.75,67.36,1.75,1.8
25.24361,80.47306,764.9,63331.9,40153.75,67.36,3.5,1.85
25.43111,80.47417,764.9,63331.9,40153.75,67.36,2.6,1.65
25.34556,80.41528,764.9,63331.9,40153.75,67.36,3.85,2.6
25.39028,80.51056,764.9,63331.9,40153.75,67.36,4.4,4.2
25.35639,80.49278,764.9,63331.9,40153.75,67.36,4.5,3.8
25.26528,80.42889,764.9,63331.9,40153.75,67.36,6.0,5.9
25.25861,80.43083,764.9,63331.9,40153.75,67.36,6.05,5.35
25.28528,80.40778,764.9,63331.9,40153.75,67.36,5.75,5.85
25.2725,80.39,764.9,63331.9,40153.75,67.36,13.2,14.48
25.2575,80.37417,764.9,63331.9,40153.75,67.36,2.0,2.0
25.24167,80.38472,764.9,63331.9,40153.75,67.36,27.2,28.1
25.24574,80.43213,764.9,63331.9,40153.75,67.36,0.04,0.3
25.24066,80.41407,764.9,63331.9,40153.75,67.36,2.2,0.5
25.19833,80.49583,764.9,63331.9,40153.75,67.36,2.25,2.85
25.34126,80.39271,764.9,63331.9,40153.75,67.36,2.3,2.35
25.2725,80.47278,764.9,63331.9,40153.75,67.36,2.4,1.6
25.37222,80.475,764.9,63331.9,40153.75,67.36,1.55,1.3
25.36528,80.46861,764.9,63331.9,40153.75,67.36,1.53,1.05
25.408,80.479,764.9,63331.9,40153.75,67.36,11.35,10.95
25.27694,80.55667,764.9,63331.9,40153.75,67.36,5.8,3.92
25.10667,80.48889,764.9,63331.9,40153.75,67.36,7.1,6.3
25.0017,80.46639,764.9,63331.9,40153.75,67.36,7.05,6.05
25.10667,80.48889,764.9,63331.9,40153.75,67.36,8.5,2.83
25.24028,80.65806,764.9,63331.9,40153.75,67.36,9.5,9.32
25.24167,80.65,764.9,63331.9,40153.75,67.36,9.8,9.83
25.135,80.39333,764.9,63331.9,40153.75,67.36,13.2,12.2
25.1019,80.51573,764.9,63331.9,40153.75,67.36,8.05,5.92
25.03861,80.33722,764.9,63331.9,40153.75,67.36,2.65,0.4
25.07096,80.37141,764.9,63331.9,40153.75,67.36,6.3,2.3
25.2358,80.5549,764.9,63331.9,40153.75,67.36,2.95,1.25
25.645,80.33222,764.9,63331.9,40153.75,67.36,5.2,0.77
25.76694,80.53333,764.9,63331.9,40153.75,67.36,17.35,16.7
25.69556,80.50111,764.9,63331.9,40153.75,67.36,15.47,15.76
25.60948,80.3964,764.9,63331.9,40153.75,67.36,15.31,13.22
25.615,80.54389,764.9,63331.9,40153.75,67.36,13.7,13.6
25.68611,80.61528,764.9,63331.9,40153.75,67.36,24.44,24.17
25.65056,80.45972,764.9,63331.9,40153.75,67.36,14.6,13.35
25.70083,80.46,764.9,63331.9,40153.75,67.36,22.62,23.08
25.70333,80.37944,764.9,63331.9,40153.75,67.36,14.71,14.95
25.34889,81.03056,764.9,39144.88,29977.54,81.79,3.0,3.05
25.16674,80.83243,764.9,39144.88,29977.54,81.79,6.55,7.7
25.18083,80.87472,764.9,39144.88,29977.54,81.79,8.25,8.15
25.2925,80.84722,764.9,39144.88,29977.54,81.79,6.15,5.25
25.33194,80.84528,764.9,39144.88,29977.54,81.79,8.35,8.15
25.20833,80.925,764.9,39144.88,29977.54,81.79,7.0,7.2
25.22861,80.8475,764.9,39144.88,29977.54,81.79,2.35,4.4
25.24206,80.92355,764.9,39144.88,29977.54,81.79,3.85,2.2
25.26417,80.99889,764.9,39144.88,29977.54,81.79,0.75,0.8
25.26528,80.83361,764.9,39144.88,29977.54,81.79,6.55,5.5
25.15724,80.72933,764.9,39144.88,29977.54,81.79,6.1,7.1
25.20704,80.85704,764.9,39144.88,29977.54,81.79,12.75,13.7
25.193,81.011,764.9,39144.88,29977.54,81.79,13.95,14.75
25.223,80.913,764.9,39144.88,29977.54,81.79,9.1,10.35
25.2,80.89361,764.9,39144.88,29977.54,81.79,6.45,5.35
25.267,80.835,764.9,39144.88,29977.54,81.79,3.5,3.2
25.282,80.921,764.9,39144.88,29977.54,81.79,11.7,19.2
25.24194,81.09139,764.9,39144.88,29977.54,81.79,11.0,7.0
25.225,81.04028,764.9,39144.88,29977.54,81.79,8.3,9.1
25.06528,81.09694,764.9,39144.88,29977.54,81.79,10.4,5.0
25.24861,81.0625,764.9,39144.88,29977.54,81.79,11.25,10.95
25.21194,81.0225,764.9,39144.88,29977.54,81.79,15.35,13.25
25.06528,81.09694,764.9,39144.88,29977.54,81.79,6.0,7.6
25.23413,81.08456,764.9,39144.88,29977.54,81.79,11.1,8.7
25.05485,81.04869,764.9,39144.88,29977.54,81.79,3.4,1.9
25.06667,81.1,764.9,39144.88,29977.54,81.79,9.0,9.6
25.161,81.032,764.9,39144.88,29977.54,81.79,15.8,11.2
25.083,81.132,764.9,39144.88,29977.54,81.79,9.2,7.9
25.20703,81.31764,764.9,39144.88,29977.54,81.79,20.05,13.89
25.2195,81.46927,764.9,39144.88,29977.54,81.79,9.43,9.1
25.23361,81.26944,764.9,39144.88,29977.54,81.79,5.6,3.93
25.24694,81.45,764.9,39144.88,29977.54,81.79,2.8,1.6
25.18989,81.50608,764.9,39144.88,29977.54,81.79,14.7,5.22
25.24361,81.3275,764.9,39144.88,29977.54,81.79,8.75,5.1
25.14043,81.45594,764.9,39144.88,29977.54,81.79,4.3,3.1
25.27028,81.31639,764.9,39144.88,29977.54,81.79,20.1,19.8
25.306,81.369,764.9,39144.88,29977.54,81.79,5.08,9.65
25.29729,81.33015,764.9,39144.88,29977.54,81.79,13.12,11.8
25.3202,81.3775,764.9,39144.88,29977.54,81.79,15.25,14.65
25.202,81.372,764.9,39144.88,29977.54,81.79,15.1,18.37
25.254,81.332,764.9,39144.88,29977.54,81.79,20.05,13.89
25.25157,81.20749,764.9,39144.88,29977.54,81.79,10.62,10.17
25.31169,81.24822,764.9,39144.88,29977.54,81.79,2.03,0.75
25.37361,81.14699,764.9,39144.88,29977.54,81.79,5.4,4.58
25.22833,81.15,764.9,39144.88,29977.54,81.79,10.9,12.8
25.2775,81.17833,764.9,39144.88,29977.54,81.79,5.9,6.3
25.36028,81.15333,764.9,39144.88,29977.54,81.79,4.5,5.9
25.24639,81.17194,764.9,39144.88,29977.54,81.79,8.35,8.45
25.29329,81.16242,764.9,39144.88,29977.54,81.79,2.03,0.75
25.36345,81.13819,764.9,39144.88,29977.54,81.79,7.85,8.2
25.27853,81.24481,764.9,39144.88,29977.54,81.79,17.2,15.1
25.349,81.127,764.9,39144.88,29977.54,81.79,13.95,13.5
25.365,81.151,764.9,39144.88,29977.54,81.79,19.5,18.5
25.282,81.205,764.9,39144.88,29977.54,81.79,13.3,13.48
25.73571,79.9939,764.9,45204.45,30940.61,72.05,6.55,5.75
25.66083,80.03167,764.9,45204.45,30940.61,72.05,4.25,5.9
25.56389,80.06778,764.9,45204.45,30940.61,72.05,4.3,3.7
25.71461,79.99654,764.9,45204.45,30940.61,72.05,6.15,7.8
25.64833,79.97667,764.9,45204.45,30940.61,72.05,8.98,8.48
25.71333,80.19472,764.9,45204.45,30940.61,72.05,1.37,1.75
25.66444,79.97472,764.9,45204.45,30940.61,72.05,6.75,4.95
25.54667,80.10389,764.9,45204.45,30940.61,72.05,4.05,3.65
25.60306,80.16278,764.9,45204.45,30940.61,72.05,14.33,14.1
25.62876,80.16314,764.9,45204.45,30940.61,72.05,16.9,13.4
25.72361,80.09139,764.9,45204.45,30940.61,72.05,20.7,18.6
25.76111,79.93,764.9,45204.45,30940.61,72.05,11.46,10.23
25.73389,79.89333,764.9,45204.45,30940.61,72.05,5.15,4.8
25.661,79.844,764.9,45204.45,30940.61,72.05,9.9,9.7
25.80806,79.61944,764.9,45204.45,30940.61,72.05,15.1,19.1
25.75639,79.73028,764.9,45204.45,30940.61,72.05,5.4,5.8
25.80917,79.79417,764.9,45204.45,30940.61,72.05,17.7,18.4
25.77695,79.68024,764.9,45204.45,30940.61,72.05,29.7,30.3
25.83944,79.64083,764.9,45204.45,30940.61,72.05,2.84,2.3
25.915,80.14722,764.9,45204.45,30940.61,72.05,12.15,11.9
25.74611,80.2125,764.9,45204.45,30940.61,72.05,8.9,10.18
25.85083,80.17722,764.9,45204.45,30940.61,72.05,9.8,9.5
25.91361,80.21583,764.9,45204.45,30940.61,72.05,19.7,19.1
25.83,79.9475,764.9,45204.45,30940.61,72.05,21.0,20.5
25.87194,80.23556,764.9,45204.45,30940.61,72.05,21.4,21.45
25.86417,80.05528,764.9,45204.45,30940.61,72.05,19.5,20.0
25.90139,80.23417,764.9,45204.45,30940.61,72.05,21.95,22.0
25.761,80.218,764.9,45204.45,30940.61,72.05,20.2,20.0
25.927,80.156,764.9,45204.45,30940.61,72.05,17.9,17.2
25.345,78.52472,764.9,89387.63,42157.15,49.65,3.18,2.75
25.45417,78.56667,764.9,89387.63,42157.15,49.65,3.33,3.39
25.33444,78.5225,764.9,89387.63,42157.15,49.65,6.13,6.53
25.34556,78.5,764.9,89387.63,42157.15,49.65,5.75,7.61
25.46056,78.465,764.9,89387.63,42157.15,49.65,4.9,4.9
25.36278,78.41,764.9,89387.63,42157.15,49.65,6.65,7.09
25.33583,78.41167,764.9,89387.63,42157.15,49.65,6.02,8.52
25.4675,78.45333,764.9,89387.63,42157.15,49.65,6.9,9.83
25.40778,78.34778,764.9,89387.63,42157.15,49.65,8.93,10.28
25.42333,78.40194,764.9,89387.63,42157.15,49.65,8.8,8.5
25.43583,78.39194,764.9,89387.63,42157.15,49.65,8.15,7.97
25.23833,78.48333,764.9,89387.63,42157.15,49.65,2.42,4.88
25.23303,78.45175,764.9,89387.63,42157.15,49.65,14.39,11.55
25.25392,78.46054,764.9,89387.63,42157.15,49.65,5.87,4.28
25.46142,78.43137,764.9,89387.63,42157.15,49.65,8.6,8.4
25.47194,78.42139,764.9,89387.63,42157.15,49.65,5.76,5.02
25.20766,78.45233,764.9,89387.63,42157.15,49.65,6.21,5.57
25.50091,78.46979,764.9,89387.63,42157.15,49.65,14.54,15.9
25.33583,78.40167,764.9,89387.63,42157.15,49.65,8.07,7.1
25.27931,79.12117,764.9,89387.63,42157.15,49.65,8.11,8.02
25.39667,79.16333,764.9,89387.63,42157.15,49.65,8.45,7.75
25.38611,79.13389,764.9,89387.63,42157.15,49.65,4.97,6.65
25.20222,79.15444,764.9,89387.63,42157.15,49.65,5.26,6.75
25.24722,79.1425,764.9,89387.63,42157.15,49.65,12.14,15.14
24.92944,78.37694,764.9,42126.08,31348.86,78.33,5.8,6.27
25.07083,78.56417,764.9,42126.08,31348.86,78.33,6.67,5.92
24.97389,78.36167,764.9,42126.08,31348.86,78.33,2.95,3.68
25.03333,78.43167,764.9,42126.08,31348.86,78.33,1.75,1.9
24.98694,78.62722,764.9,42126.08,31348.86,78.33,8.77,5.09
24.99611,78.37389,764.9,42126.08,31348.86,78.33,9.44,8.63
25.06556,78.45306,764.9,42126.08,31348.86,78.33,4.93,4.2
25.05361,78.48806,764.9,42126.08,31348.86,78.33,5.65,6.3
24.97376,78.33806,764.9,42126.08,31348.86,78.33,8.65,6.52
25.11214,78.49236,764.9,42126.08,31348.86,78.33,9.9,7.72
25.09194,78.59194,764.9,42126.08,31348.86,78.33,8.46,7.95
24.95,78.63694,764.9,42126.08,31348.86,78.33,9.3,10.73
24.92944,78.37694,764.9,42126.08,31348.86,78.33,10.04,8.05
25.042,78.508,764.9,42126.08,31348.86,78.33,7.0,7.27
25.4,79.75,764.9,22886.46,19083.79,87.77,4.2,5.36
25.44833,79.79222,764.9,22886.46,19083.79,87.77,4.6,4.6
25.525,79.875,764.9,22886.46,19083.79,87.77,5.35,5.95
25.54167,79.91667,764.9,22886.46,19083.79,87.77,4.4,4.75
25.45528,79.76139,764.9,22886.46,19083.79,87.77,5.35,4.4
25.39274,79.74753,764.9,22886.46,19083.79,87.77,4.72,4.35
25.40957,79.7412,764.9,22886.46,19083.79,87.77,4.45,4.87
25.50056,79.69361,764.9,22886.46,19083.79,87.77,7.43,6.5
25.35222,79.74722,764.9,22886.46,19083.79,87.77,6.0,6.0
25.32389,79.75,764.9,22886.46,19083.79,87.77,10.15,10.9
25.32744,79.7664,764.9,22886.46,19083.79,87.77,9.4,8.95
25.31972,79.74528,764.9,22886.46,19083.79,87.77,6.9,5.0
25.27028,79.57778,764.9,22886.46,19083.79,87.77,4.22,2.82
25.19528,79.52333,764.9,22886.46,19083.79,87.77,9.2,9.67
25.31667,79.65,764.9,22886.46,19083.79,87.77,7.1,5.5
25.22361,79.55083,764.9,22886.46,19083.79,87.77,4.4,4.35
25.27778,79.59444,764.9,22886.46,19083.79,87.77,6.2,6.92
25.26944,79.56,764.9,22886.46,19083.79,87.77,6.15,6.26
25.23778,79.62472,764.9,22886.46,19083.79,87.77,8.9,8.3
25.17378,79.43549,764.9,22886.46,19083.79,87.77,8.8,9.05
25.22122,79.75817,764.9,22886.46,19083.79,87.77,6.0,6.3
25.47516,80.01046,764.9,22886.46,19083.79,87.77,7.1,7.5
25.46528,80.01,764.9,22886.46,19083.79,87.77,5.45,5.6
25.13444,79.77333,764.9,22886.46,19083.79,87.77,7.45,8.1
25.34073,79.79209,764.9,22886.46,19083.79,87.77,5.65,5.75
25.41598,79.98033,764.9,22886.46,19083.79,87.77,7.0,7.65
25.19427,79.77905,764.9,22886.46,19083.79,87.77,6.9,7.2
25.13707,79.70916,764.9,22886.46,19083.79,87.77,7.5,7.75
25.32722,79.92722,764.9,22886.46,19083.79,87.77,6.2,6.6
25.28464,79.92701,764.9,22886.46,19083.79,87.77,6.15,6.55
25.4,80.08306,764.9,22886.46,19083.79,87.77,4.1,4.6
25.419,80.044,764.9,22886.46,19083.79,87.77,6.9,8.3
25.492,80.123,764.9,22886.46,19083.79,87.77,6.4,6.45
25.196,79.771,764.9,22886.46,19083.79,87.77,7.45,7.2
25.41194,79.41472,764.9,22886.46,19083.79,87.77,10.45,11.2
25.38365,79.46035,764.9,22886.46,19083.79,87.77,27.0,7.6
25.40639,79.46444,764.9,22886.46,19083.79,87.77,10.9,9.55
25.4086,79.46989,764.9,22886.46,19083.79,87.77,14.9,14.3
25.35333,79.30139,764.9,22886.46,19083.79,87.77,8.02,5.38
25.42806,79.46833,764.9,22886.46,19083.79,87.77,6.23,7.58
25.31444,79.355,764.9,22886.46,19083.79,87.77,6.1,3.95
25.31419,79.36714,764.9,22886.46,19083.79,87.77,4.6,6.9
28.85199,77.73829,764.9,76423.22,60428.57,84.01,17.44,17.5
28.8425,77.82056,764.9,76423.22,60428.57,84.01,16.74,17.14
28.82869,77.79167,764.9,76423.22,60428.57,84.01,17.6,17.71
28.78427,77.75602,764.9,76423.22,60428.57,84.01,16.03,16.3
28.79028,77.75972,764.9,76423.22,60428.57,84.01,17.78,17.6
28.89957,77.78934,764.9,76423.22,60428.57,84.01,18.58,18.93
28.88343,77.78826,764.9,76423.22,60428.57,84.01,18.58,18.93
28.875,77.728,764.9,76423.22,60428.57,84.01,22.47,22.97
28.90364,77.80148,764.9,76423.22,60428.57,84.01,17.9,18.61
29.03639,77.77472,764.9,76423.22,60428.57,84.01,16.6,16.62
28.98,77.80889,764.9,76423.22,60428.57,84.01,19.1,19.45
28.9525,77.77972,764.9,76423.22,60428.57,84.01,20.07,20.3
28.9953,77.78919,764.9,76423.22,60428.57,84.01,17.33,17.78
29.03642,77.80054,764.9,76423.22,60428.57,84.01,15.68,16.78
29.00448,77.77578,764.9,76423.22,60428.57,84.01,20.48,20.65
29.00862,77.81703,764.9,76423.22,60428.57,84.01,18.43,18.52
28.89812,77.82181,764.9,76423.22,60428.57,84.01,19.08,19.24
28.92166,77.81552,764.9,76423.22,60428.57,84.01,18.72,18.79
29.037,77.759,764.9,76423.22,60428.57,84.01,18.9,19.45
29.06405,77.7972,764.9,76423.22,60428.57,84.01,14.38,14.15
29.32,77.458,764.9,113168.8,76895.51,71.52,27.3,28.09
29.3,77.408,764.9,113168.8,76895.51,71.52,26.73,27.63
29.34861,77.29778,764.9,42515.34,44128.66,109.26,15.52,14.93
